ESTACION,LATITUD,LONGITUD,FUENTE
MONTEGRANDE,-7.22499,-79.15323,HTML_EMBEDDED
YONAN GORE,-7.25592,-79.09908,HTML_EMBEDDED
QUEROCOTILLO,-6.27366,-79.03696,HTML_EMBEDDED
PUENTE  MAYGASBAMBA,-6.67411,-78.52437,HTML_EMBEDDED
QUEBRADA SHUGAR,-6.68778,-78.45694,HTML_EMBEDDED
CHUGUR,-6.66878,-78.738,HTML_EMBEDDED
CACAO,-5.8837,-78.9625,HTML_EMBEDDED
EL LIMON,-5.91778,-79.31722,HTML_EMBEDDED
HACIENDA PUCARA,-6.04167,-79.13389,HTML_EMBEDDED
SAN MIGUEL,-5.24006,-78.91138,HTML_EMBEDDED
COCHALAN,-5.4654,-78.9888,HTML_EMBEDDED
COCHALAN,-5.4651,-78.9885,HTML_EMBEDDED
TABACONAS,-5.32221,-79.28779,HTML_EMBEDDED
LIVES,-7.0802,-79.04045,HTML_EMBEDDED
CIRATO,-6.65579,-79.07395,HTML_EMBEDDED
CHANCAY BAÑOS,-6.575,-78.86722,HTML_EMBEDDED
SALCCA,-14.16997,-71.23187,HTML_EMBEDDED
CHACLLABAMBA,-13.10855,-71.72,HTML_EMBEDDED
CHONTACHACA,-13.02389,-71.46778,HTML_EMBEDDED
HUANCALPI,-12.58029,-75.24179,HTML_EMBEDDED
HUACHOS,-13.2206,-75.53348,HTML_EMBEDDED
SAN JUAN DE CASTROVIRREYNA,-13.21198,-75.62758,HTML_EMBEDDED
CHOCLOCOCHA,-13.1588,-75.07145,HTML_EMBEDDED
PAUCARBAMBA,-12.55573,-74.53592,HTML_EMBEDDED
CORDOVA,-14.04061,-75.18698,HTML_EMBEDDED
TUNEL CERO,-13.25932,-75.08596,HTML_EMBEDDED
CUSICANCHA,-13.50399,-75.29625,HTML_EMBEDDED
CHALLACA PLU,-13.7896,-75.40029,HTML_EMBEDDED
CHALLACA,-13.79047,-75.38212,HTML_EMBEDDED
SANTIAGO DE CHOCORVOS,-13.83308,-75.25083,HTML_EMBEDDED
TAMBO,-13.69163,-75.27418,HTML_EMBEDDED
CHINCHAVITO,-9.515,-75.9425,HTML_EMBEDDED
TARUCA,-9.85038,-76.15236,HTML_EMBEDDED
HUERTAS,-10.1265,-76.20511,HTML_EMBEDDED
JACAS GRANDE,-9.5433,-76.76042,HTML_EMBEDDED
PUENTE BELLA,-9.32411,-76.02935,HTML_EMBEDDED
PUENTE PEREZ,-9.34694,-75.9825,HTML_EMBEDDED
HUAMANI EL TAMBO,-13.84358,-75.58928,HTML_EMBEDDED
LOS MOLINOS,-13.9248,-75.6786,HTML_EMBEDDED
CONTA,-13.43942,-75.97514,HTML_EMBEDDED
HUALLPOCA,-14.632,-74.9559,HTML_EMBEDDED
MADRIGAL,-15.60999,-71.80654,HTML_EMBEDDED
SUMBAY,-15.8412,-71.1146,HTML_EMBEDDED
PILLONES,-15.98124,-71.2167,HTML_EMBEDDED
PUENTE COLGANTE-SIBAYO,-15.4942,-71.4637,HTML_EMBEDDED
PORPERA,-15.3142,-71.3064,HTML_EMBEDDED
TISCO,-15.34577,-71.44702,HTML_EMBEDDED
CHICHAS,-15.54811,-72.91831,HTML_EMBEDDED
SALAMANCA,-15.5033,-72.8318,HTML_EMBEDDED
YANAQUIHUA,-15.77649,-72.87584,HTML_EMBEDDED
LA HACIENDITA,-16.9986,-71.6008,HTML_EMBEDDED
CUYAU,-15.2182,-72.9359,HTML_EMBEDDED
PULLHUAY (AYAHUASI),-15.1459,-72.7439,HTML_EMBEDDED
PUYCA,-15.06055,-72.69262,HTML_EMBEDDED
HUANCASANCOS,-13.91694,-74.33361,HTML_EMBEDDED
HUANTA,-12.9113,-74.2832,HTML_EMBEDDED
HUASAPAMPA,-14.26667,-73.95,HTML_EMBEDDED
LLAUTA,-14.2466,-74.9255,HTML_EMBEDDED
LUCANAS,-14.6204,-74.2328,HTML_EMBEDDED
LAMPA,-15.18468,-73.34786,HTML_EMBEDDED
CHILCAYOC,-13.883,-73.7268,HTML_EMBEDDED
AYLAMBO,-7.19345,-78.51012,HTML_EMBEDDED
LA VICTORIA,-7.19119,-78.45947,HTML_EMBEDDED
CHOTANO LAJAS,-6.5622,-78.7389,HTML_EMBEDDED
CASCABAMBA,-7.38332,-78.73377,HTML_EMBEDDED
OCROS,-10.40457,-77.40025,HTML_EMBEDDED
CAHUA,-10.606,-77.34389,HTML_EMBEDDED
NUEVO PACHACOTO,-9.85242,-77.40607,HTML_EMBEDDED
CHIRIACO,-5.16144,-78.28806,HTML_EMBEDDED
SANTA MARIA DE NIEVA,-4.83039,-77.93928,HTML_EMBEDDED
EL PINTOR,-5.7562,-78.52286,HTML_EMBEDDED
MAGUNCHAL,-5.8904,-78.1891,HTML_EMBEDDED
MAGUNCHAL,-5.8898,-78.1886,HTML_EMBEDDED
EL PALTO,-6.00039,-78.47097,HTML_EMBEDDED
SAN PEDRO,-9.60776,-77.50963,HTML_EMBEDDED
CHACCHAN,-9.53519,-77.77536,HTML_EMBEDDED
PIRA,-9.58528,-77.70719,HTML_EMBEDDED
MAYORARCA,-10.15775,-77.34889,HTML_EMBEDDED
BUENA VISTA,-9.43371,-78.20825,HTML_EMBEDDED
CUNYAC,-13.56334,-72.57594,HTML_EMBEDDED
CHARCANI,-16.3109,-71.4949,HTML_EMBEDDED
LAS SALINAS,-16.3206,-71.1521,HTML_EMBEDDED
EL FRAYLE,-16.15482,-71.1891,HTML_EMBEDDED
PATAHUASI-AREQUIPA,-16.05542,-71.41481,HTML_EMBEDDED
PAMPA DE ARRIEROS,-16.0665,-71.5914,HTML_EMBEDDED
AYO,-15.6833,-72.2704,HTML_EMBEDDED
CHACHAS,-15.5025,-72.2686,HTML_EMBEDDED
GORGOR,-10.62136,-77.04027,HTML_EMBEDDED
ARAHUAY,-11.62091,-76.67034,HTML_EMBEDDED
HUAMANTANGA,-11.50247,-76.74675,HTML_EMBEDDED
HUAROS,-11.40743,-76.5758,HTML_EMBEDDED
PARIACANCHA,-11.39315,-76.50244,HTML_EMBEDDED
PARIACANCHA,-11.39315,-76.50294,HTML_EMBEDDED
LACHAQUI,-11.554,-76.62706,HTML_EMBEDDED
OBRAJILLO,-11.45264,-76.62206,HTML_EMBEDDED
PIRCA,-11.2328,-76.65513,HTML_EMBEDDED
AMAZONAS,-3.76668,-73.25308,HTML_EMBEDDED
PUENTE ITAYA,-4.22513,-73.48251,HTML_EMBEDDED
PUERTO ALMENDRA,-3.82743,-73.37741,HTML_EMBEDDED
SAN ROQUE,-3.78667,-73.29333,HTML_EMBEDDED
SEDA LORETO,-3.7528,-73.281,HTML_EMBEDDED
MORALILLO,-3.89967,-73.33833,HTML_EMBEDDED
ANGAMOS,-5.1512,-72.8752,HTML_EMBEDDED
ANGAMOS,-5.1498,-72.8771,HTML_EMBEDDED
BORJA,-4.4696,-77.5483,HTML_EMBEDDED
PUENTE INAMBARI,-13.18638,-70.38401,HTML_EMBEDDED
EL ESTRECHO,-2.453,-72.6812,HTML_EMBEDDED
EL ESTRECHO,-2.4467,-72.6643,HTML_EMBEDDED
SANTA CRUZ,-11.19827,-76.63487,HTML_EMBEDDED
ANTIOQUIA,-12.07773,-76.51359,HTML_EMBEDDED
CARAMPOMA,-11.65503,-76.51514,HTML_EMBEDDED
SHEQUE,-11.66095,-76.5023,HTML_EMBEDDED
MILLOC,-11.57046,-76.35017,HTML_EMBEDDED
MILLOC,-11.57131,-76.34995,HTML_EMBEDDED
CASAPALCA,-11.63804,-76.23332,HTML_EMBEDDED
RIO BLANCO,-11.73447,-76.25967,HTML_EMBEDDED
LANGA,-12.12645,-76.42108,HTML_EMBEDDED
AUTISHA,-11.73815,-76.61103,HTML_EMBEDDED
AUTISHA,-11.73523,-76.60659,HTML_EMBEDDED
SAN JOSE DE PARAC,-11.80053,-76.25811,HTML_EMBEDDED
SAN MATEO DE OTAO,-11.847,-76.5636,HTML_EMBEDDED
HUANCATA,-12.18618,-76.24066,HTML_EMBEDDED
SANTIAGO DE TUNA,-11.9832,-76.5242,HTML_EMBEDDED
AMBAR,-10.75484,-77.2668,HTML_EMBEDDED
PAMPA LIBRE,-10.86578,-76.97,HTML_EMBEDDED
PACHAMACHAY,-11.06525,-76.9141,HTML_EMBEDDED
PACCHO,-10.95602,-76.93473,HTML_EMBEDDED
PARQUIN,-10.96665,-76.71983,HTML_EMBEDDED
LAGUNA SURASACA,-10.5213,-76.7885,HTML_EMBEDDED
LAGUNA SURASACA,-10.5238,-76.7867,HTML_EMBEDDED
LAGUNA COCHAQUILLO,-10.80394,-76.65537,HTML_EMBEDDED
OYON,-10.66769,-76.7687,HTML_EMBEDDED
ANDAJES,-10.78333,-76.9,HTML_EMBEDDED
YAURICOCHA,-12.31478,-75.71209,HTML_EMBEDDED
AYAVIRI,-12.38208,-76.13672,HTML_EMBEDDED
CARANIA,-12.3444,-75.87215,HTML_EMBEDDED
VILCA,-12.11457,-75.82617,HTML_EMBEDDED
HUAÑEC,-12.29359,-76.13902,HTML_EMBEDDED
SAN PEDRO DE PILAS,-12.4548,-76.22559,HTML_EMBEDDED
TANTA,-12.11667,-76.01667,HTML_EMBEDDED
AMAZONAS,-3.76397,-73.25492,HTML_EMBEDDED
SANTA MARIA DE NANAY,-3.8891,-73.6961,HTML_EMBEDDED
MANITI,-3.5203,-72.8409,HTML_EMBEDDED
TIMICURILLO,-3.5237,-73.0834,HTML_EMBEDDED
BELLAVISTA,-3.4786,-73.068,HTML_EMBEDDED
BELLAVISTA,-3.4788,-73.068,HTML_EMBEDDED
LA LIBERTAD,-3.4863,-73.2337,HTML_EMBEDDED
LA LIBERTAD,-3.4863,-73.2339,HTML_EMBEDDED
SANTA CRUZ,-3.5169,-73.1526,HTML_EMBEDDED
SANTA CRUZ,-3.51725,-73.15411,HTML_EMBEDDED
SANTA CLOTILDE,-2.48757,-73.67919,HTML_EMBEDDED
SANTA CLOTILDE,-2.487,-73.679,HTML_EMBEDDED
SANTO TOMAS PUNCHANA,-3.69279,-73.25625,HTML_EMBEDDED
ENAPU PERU,-3.72722,-73.23694,HTML_EMBEDDED
SHANUSI,-6.06703,-76.2505,HTML_EMBEDDED
LAGUNAS,-5.2194,-75.6661,HTML_EMBEDDED
BORJA,-4.47,-77.548,HTML_EMBEDDED
NAUTA,-4.5146,-73.5831,HTML_EMBEDDED
SAN REGIS,-4.51301,-73.90751,HTML_EMBEDDED
SAN REGIS,-4.5132,-73.9076,HTML_EMBEDDED
SANTA RITA DE CASTILLA,-4.5922,-74.3806,HTML_EMBEDDED
PUERTO ALEGRIA,-4.11491,-70.05391,HTML_EMBEDDED
SANTA ROSA,-4.22636,-69.95629,HTML_EMBEDDED
SANTA ROSA,-4.2242,-69.9535,HTML_EMBEDDED
REQUENA,-5.04308,-73.83612,HTML_EMBEDDED
REQUENA,-5.0411,-73.84,HTML_EMBEDDED
FLOR DE PUNGA,-5.4077,-74.1569,HTML_EMBEDDED
FLOR DE PUNGA,-5.4055,-74.1591,HTML_EMBEDDED
TAMANCO,-5.7921,-74.289,HTML_EMBEDDED
BRETAÑA,-5.2539,-74.3444,HTML_EMBEDDED
BAGAZAN,-4.724,-73.5321,HTML_EMBEDDED
GENARO HERRERA,-4.902,-73.6715,HTML_EMBEDDED
CONTAMANA,-7.3518,-75.0109,HTML_EMBEDDED
CONTAMANA,-7.3526,-75.0064,HTML_EMBEDDED
PAMPA UMALZO (TITIJONES),-16.8439,-70.5494,HTML_EMBEDDED
TUMILACA,-17.1277,-70.8369,HTML_EMBEDDED
OTORA,-17.0073,-70.8536,HTML_EMBEDDED
OTORA,-17.0041,-70.8504,HTML_EMBEDDED
ICHUÑA,-16.14109,-70.5427,HTML_EMBEDDED
ENTAZ,-10.72244,-75.26238,HTML_EMBEDDED
MIRAFLORES,-5.17528,-80.61654,HTML_EMBEDDED
PORCULLA,-5.83964,-79.50572,HTML_EMBEDDED
HACIENDA SHUMAYA,-5.36492,-79.36056,HTML_EMBEDDED
TULUCE,-5.47718,-79.34742,HTML_EMBEDDED
SONDORILLO,-5.33922,-79.41575,HTML_EMBEDDED
HACIENDA BIGOTE,-5.3209,-79.7857,HTML_EMBEDDED
ALAMOR,-4.47749,-80.3979,HTML_EMBEDDED
ALAMOR,-4.47401,-80.39915,HTML_EMBEDDED
PANANGA,-4.51556,-80.73945,HTML_EMBEDDED
MUELLE LAGO,-15.83361,-70.01694,HTML_EMBEDDED
PROGRESO,-14.6717,-70.3678,HTML_EMBEDDED
DESAGUADERO,-16.56327,-69.03682,HTML_EMBEDDED
CALLACAME,-16.57225,-69.31697,HTML_EMBEDDED
CAPAZO,-17.1827,-69.7391,HTML_EMBEDDED
COJATA,-15.0118,-69.3612,HTML_EMBEDDED
RAMIS,-15.2558,-69.8739,HTML_EMBEDDED
TARACO,-15.31167,-69.97247,HTML_EMBEDDED
SANTA LUCIA,-15.6941,-70.5993,HTML_EMBEDDED
PUENTE AYAVIRI,-14.89249,-70.58544,HTML_EMBEDDED
SANTA ROSA,-14.6178,-70.79278,HTML_EMBEDDED
CHUQUIBAMBILLA,-14.7879,-70.7285,HTML_EMBEDDED
ISLA SOTO,-15.56221,-69.48898,HTML_EMBEDDED
JULIACA,-15.4441,-70.2078,HTML_EMBEDDED
PUENTE ISLA CABANILLAS,-15.4718,-70.224,HTML_EMBEDDED
LAMPA,-15.4437,-70.2092,HTML_EMBEDDED
CUYO CUYO,-14.4888,-69.55,HTML_EMBEDDED
LIMBANI,-14.1397,-69.687,HTML_EMBEDDED
LIMBANI,-14.1481,-69.6902,HTML_EMBEDDED
TAMBOPATA,-14.22529,-69.16178,HTML_EMBEDDED
ISLA SUANA,-16.3299,-68.85034,HTML_EMBEDDED
JOSE OLAYA,-7.40711,-76.41389,HTML_EMBEDDED
CUZCO-BIAVO,-7.25442,-76.4771,HTML_EMBEDDED
BIAVO,-7.25497,-76.47778,HTML_EMBEDDED
LA UNION,-7.16319,-76.49275,HTML_EMBEDDED
NUEVO LIMA,-7.09628,-76.47233,HTML_EMBEDDED
CUÑUMBUQUE,-6.50825,-76.48075,HTML_EMBEDDED
SHANAO,-6.41312,-76.60028,HTML_EMBEDDED
SHANAO,-6.41291,-76.60001,HTML_EMBEDDED
PACAYZAPA,-6.2818,-76.76171,HTML_EMBEDDED
HUAYABAMBA,-7.26356,-76.73494,HTML_EMBEDDED
CAMPANILLA,-7.48434,-76.65311,HTML_EMBEDDED
PICOTA,-6.91989,-76.33022,HTML_EMBEDDED
NARANJILLO,-5.80964,-77.39264,HTML_EMBEDDED
PELEJO,-6.21531,-75.8025,HTML_EMBEDDED
PUCALLPA - HUIMBAYOC,-6.45278,-75.84556,HTML_EMBEDDED
CUMBAZA,-6.47251,-76.38199,HTML_EMBEDDED
SAN ANTONIO,-6.41274,-76.4072,HTML_EMBEDDED
CANAL UCHUSUMA,-17.5807,-69.6264,HTML_EMBEDDED
BOCATOMA,-17.5802,-69.62672,HTML_EMBEDDED
PAUCARANI,-17.53291,-69.78039,HTML_EMBEDDED
CAIRANI,-17.28121,-70.36269,HTML_EMBEDDED
ARICOTA,-17.32913,-70.23731,HTML_EMBEDDED
CHUAPALCA ALTERNATIVA ALTA,-17.28727,-69.6435,HTML_EMBEDDED
CHUAPALCA,-17.2981,-69.6468,HTML_EMBEDDED
LA FRONTERA,-17.3824,-69.4864,HTML_EMBEDDED
CHUAPALCA,-17.3088,-69.6618,HTML_EMBEDDED
TALABAYA,-17.5526,-69.9868,HTML_EMBEDDED
VILACOTA,-17.07906,-70.04302,HTML_EMBEDDED
VILACOTA,-17.0786,-70.0424,HTML_EMBEDDED
CABO INGA,-3.97594,-80.40182,HTML_EMBEDDED
EL SALTO,-3.45171,-80.2802,HTML_EMBEDDED
MATAPALO,-3.68277,-80.19857,HTML_EMBEDDED
PUCALLPA,-8.41323,-74.57185,HTML_EMBEDDED
EL MARONAL,-8.44999,-75.09681,HTML_EMBEDDED
LETRAYOC,-13.65773,-75.74496,HTML_EMBEDDED
HUANCANO,-13.60118,-75.62102,HTML_EMBEDDED
ACOPALCA,-11.9873,-75.1035,HTML_EMBEDDED
CHIRANI,-10.86167,-75.00632,HTML_EMBEDDED
CHIRANI,-10.86167,-75.00632,HTML_EMBEDDED
PUERTO OCOPA,-11.1467,-74.3051,HTML_EMBEDDED
CARHUACAYAN,-11.20267,-76.28505,HTML_EMBEDDED
RIO PALLANGA,-11.1865,-76.32569,HTML_EMBEDDED
RUMICHACA,-11.69886,-76.10639,HTML_EMBEDDED
YAULI,-11.66667,-76.08333,HTML_EMBEDDED
JULCAN,-8.04229,-78.48607,HTML_EMBEDDED
SINSICAP,-7.85021,-78.75503,HTML_EMBEDDED
PUENTE COINA,-7.79636,-78.38012,HTML_EMBEDDED
TALLA (GUADALUPE),-7.28005,-79.4191,HTML_EMBEDDED
HUANGACOCHA,-7.9375,-78.0681,HTML_EMBEDDED
LAGUNA HUANGACOCHA,-7.9325,-78.06705,HTML_EMBEDDED
MOLLEPATA,-8.19137,-77.95397,HTML_EMBEDDED
HUACAMARCANGA,-8.1221,-78.2937,HTML_EMBEDDED
HUACAMARCANGA,-8.1081,-78.2876,HTML_EMBEDDED
QUIRUVILCA,-8.00422,-78.30791,HTML_EMBEDDED
PUENTE PALMIRA,-7.54919,-78.81051,HTML_EMBEDDED
EL TAMBO,-7.57398,-78.70655,HTML_EMBEDDED
TINAJONES,-6.65493,-79.4279,HTML_EMBEDDED
INCAHUASI,-6.23389,-79.31806,HTML_EMBEDDED
CUEVA BLANCA,-6.1313,-79.4045,HTML_EMBEDDED
PUCHACA,-6.37361,-79.46951,HTML_EMBEDDED
PUCHACA,-6.37317,-79.46697,HTML_EMBEDDED
CERRO DE ARENA,-5.92461,-80.20463,HTML_EMBEDDED
PASAJE SUR,-5.91741,-79.97184,HTML_EMBEDDED
CUTERVO,-6.37964,-78.80512,HTML_EMBEDDED
LLAUCANO CORELLAMA,-6.68656,-78.51823,HTML_EMBEDDED
BAMBAMARCA,-6.67655,-78.51834,HTML_EMBEDDED
JAEN,-5.67664,-78.77416,HTML_EMBEDDED
LA CASCARILLA,-5.67175,-78.89767,HTML_EMBEDDED
CHONTALI,-5.64389,-79.09,HTML_EMBEDDED
SALLIQUE,-5.65886,-79.31264,HTML_EMBEDDED
SAN IGNACIO,-5.14708,-78.99512,HTML_EMBEDDED
CHIRINOS,-5.3085,-78.89759,HTML_EMBEDDED
NAMBALLE,-4.99953,-79.08862,HTML_EMBEDDED
TABACONAS,-5.31515,-79.28488,HTML_EMBEDDED
SAN MARCOS,-7.32249,-78.1727,HTML_EMBEDDED
SONDOR-MATARA,-7.23687,-78.21262,HTML_EMBEDDED
SAN MIGUEL,-6.99684,-78.85308,HTML_EMBEDDED
QUILCATE,-6.82275,-78.744,HTML_EMBEDDED
LLAPA,-6.97833,-78.81119,HTML_EMBEDDED
NIEPOS,-6.92511,-79.12902,HTML_EMBEDDED
SAN PABLO,-7.11775,-78.83083,HTML_EMBEDDED
SANTA CRUZ,-6.61657,-78.94761,HTML_EMBEDDED
UDIMA,-6.81474,-79.09377,HTML_EMBEDDED
GRANJA KAYRA,-13.55675,-71.87517,HTML_EMBEDDED
POMACANCHI,-14.02781,-71.57258,HTML_EMBEDDED
PUENTE CUNYAC,-13.563,-72.5752,HTML_EMBEDDED
ANTA ANCACHURO,-13.47242,-72.21876,HTML_EMBEDDED
PISAC,-13.41951,-71.85087,HTML_EMBEDDED
PISAC,-13.4226,-71.8539,HTML_EMBEDDED
QUEBRADA YANATILE,-12.6788,-72.2785,HTML_EMBEDDED
SICUANI,-14.23736,-71.2367,HTML_EMBEDDED
SALCCA,-14.16963,-71.23172,HTML_EMBEDDED
SANTO TOMAS,-14.39878,-72.08774,HTML_EMBEDDED
PARURO,-13.76698,-71.8447,HTML_EMBEDDED
PAUCARTAMBO,-13.3177,-71.5974,HTML_EMBEDDED
PAUCARTAMBO,-13.30347,-71.59668,HTML_EMBEDDED
CAICAY,-13.59999,-71.69581,HTML_EMBEDDED
CHACLLABAMBA,-13.10677,-71.7203,HTML_EMBEDDED
CHALLABAMBA,-13.21754,-71.64938,HTML_EMBEDDED
COLQUEPATA,-13.36313,-71.67336,HTML_EMBEDDED
QUINCEMIL,-13.22893,-70.7544,HTML_EMBEDDED
CCATCCA,-13.60988,-71.5601,HTML_EMBEDDED
URUBAMBA,-13.30517,-72.12455,HTML_EMBEDDED
MACHU PICCHU,-13.16655,-72.54585,HTML_EMBEDDED
PILCHACA,-12.39939,-75.08412,HTML_EMBEDDED
ACOBAMBA,-12.84361,-74.5616,HTML_EMBEDDED
LIRCAY,-12.9815,-74.7181,HTML_EMBEDDED
CHALLACA,-13.78333,-75.4,HTML_EMBEDDED
ACOSTAMBO,-12.36079,-75.05725,HTML_EMBEDDED
PAMPAS,-12.40203,-74.88414,HTML_EMBEDDED
COLCABAMBA,-12.415,-74.6835,HTML_EMBEDDED
SALCABAMBA,-12.204,-74.7794,HTML_EMBEDDED
CANCHAN,-9.92095,-76.30962,HTML_EMBEDDED
PUENTE HIGUERAS,-9.9222,-76.30938,HTML_EMBEDDED
HUANUCO,-9.95201,-76.24856,HTML_EMBEDDED
CARPISH,-9.70568,-76.09424,HTML_EMBEDDED
SAN RAFAEL,-10.3399,-76.1824,HTML_EMBEDDED
SAN RAFAEL,-10.32926,-76.17658,HTML_EMBEDDED
DOS DE MAYO,-9.7171,-76.77374,HTML_EMBEDDED
TINGO MARIA,-9.31016,-76.00049,HTML_EMBEDDED
TINGO MARIA,-9.29601,-76.00207,HTML_EMBEDDED
LA DIVISORIA,-9.20091,-75.81393,HTML_EMBEDDED
AUCAYACU,-8.92987,-76.11171,HTML_EMBEDDED
TULUMAYO,-9.14706,-76.00944,HTML_EMBEDDED
CHAGLLA,-9.85008,-75.90706,HTML_EMBEDDED
PUERTO INCA,-9.38271,-74.96792,HTML_EMBEDDED
PUERTO INCA,-9.3851,-74.96376,HTML_EMBEDDED
TOURNAVISTA,-8.92749,-74.70882,HTML_EMBEDDED
JACAS CHICO,-9.88474,-76.50094,HTML_EMBEDDED
TACAMA,-13.99978,-75.72052,HTML_EMBEDDED
OCUCAJE,-14.37844,-75.68208,HTML_EMBEDDED
SAN CAMILO,-14.07331,-75.71101,HTML_EMBEDDED
LOS MOLINOS (ALEJANDRO PLAZA GARCIA),-13.92475,-75.67869,HTML_EMBEDDED
HUAMANI,-13.843,-75.60704,HTML_EMBEDDED
FONAGRO (CHINCHA),-13.45781,-76.13425,HTML_EMBEDDED
SAN JUAN DE YANAC,-13.21058,-75.78697,HTML_EMBEDDED
SAN PEDRO DE HUACARPANA,-13.0479,-75.6464,HTML_EMBEDDED
HUALLPOCA,-14.63201,-74.95588,HTML_EMBEDDED
COPARA,-14.97501,-74.89082,HTML_EMBEDDED
PALPA,-14.54939,-75.18926,HTML_EMBEDDED
IMATA,-15.84266,-71.09062,HTML_EMBEDDED
SIBAYO,-15.4892,-71.45696,HTML_EMBEDDED
CHUQUIBAMBA,-15.84602,-72.65065,HTML_EMBEDDED
SALAMANCA,-15.50294,-72.83202,HTML_EMBEDDED
LA PASCANA,-16.99936,-71.63879,HTML_EMBEDDED
PAMPA BLANCA,-17.0716,-71.7245,HTML_EMBEDDED
COTAHUASI,-15.21134,-72.89325,HTML_EMBEDDED
MARCELINO SERNA (PAMPAS),-13.43453,-73.82791,HTML_EMBEDDED
WAYLLAPAMPA,-13.0765,-74.21651,HTML_EMBEDDED
LA QUINUA,-13.05548,-74.14159,HTML_EMBEDDED
SAN PEDRO DE CACHI,-13.08742,-74.39067,HTML_EMBEDDED
PUQUIO,-14.69928,-74.1316,HTML_EMBEDDED
HUAC-HUAS,-14.1324,-74.941,HTML_EMBEDDED
LLAUTA,-14.23998,-74.92135,HTML_EMBEDDED
CORACORA,-15.01194,-73.77945,HTML_EMBEDDED
PAUZA,-15.2753,-73.3411,HTML_EMBEDDED
PAUCARAY,-14.0439,-73.6386,HTML_EMBEDDED
HUANCAPI,-13.749,-74.0681,HTML_EMBEDDED
VILCASHUAMAN,-13.66882,-73.95238,HTML_EMBEDDED
MASHCON,-7.165,-78.47833,HTML_EMBEDDED
GRANJA PORCON,-7.03753,-78.6334,HTML_EMBEDDED
AUGUSTO WEBERBAUER,-7.1675,-78.49309,HTML_EMBEDDED
ASUNCION,-7.32604,-78.51582,HTML_EMBEDDED
COSPAN,-7.42857,-78.54106,HTML_EMBEDDED
LA ENCAÑADA,-7.12327,-78.33314,HTML_EMBEDDED
JESUS TUNEL,-7.22064,-78.40376,HTML_EMBEDDED
JESUS,-7.2457,-78.38841,HTML_EMBEDDED
MAGDALENA,-7.25346,-78.65261,HTML_EMBEDDED
NAMORA BOCATOMA,-7.24262,-78.29472,HTML_EMBEDDED
NAMORA,-7.2006,-78.32782,HTML_EMBEDDED
SAN JUAN,-7.29756,-78.49106,HTML_EMBEDDED
CAJABAMBA,-7.62166,-78.05131,HTML_EMBEDDED
CACHACHI,-7.45106,-78.26855,HTML_EMBEDDED
PUENTE CRISNEJAS,-7.46354,-78.11313,HTML_EMBEDDED
CELENDIN,-6.85292,-78.14485,HTML_EMBEDDED
BALZAS,-6.84465,-78.03024,HTML_EMBEDDED
CHOTA,-6.54713,-78.64863,HTML_EMBEDDED
COCHABAMBA,-6.46009,-78.8886,HTML_EMBEDDED
HUAMBOS,-6.45368,-78.96315,HTML_EMBEDDED
CHOTANO LAJAS,-6.55972,-78.74111,HTML_EMBEDDED
LLAMA,-6.51443,-79.12262,HTML_EMBEDDED
TOCMOCHE,-6.4101,-79.3557,HTML_EMBEDDED
CONTUMAZA,-7.36521,-78.82273,HTML_EMBEDDED
PUENTE CHILETE,-7.21969,-78.83799,HTML_EMBEDDED
CHILETE,-7.21968,-78.83799,HTML_EMBEDDED
SAN BENITO,-7.42819,-78.92673,HTML_EMBEDDED
HUARMEY,-10.06812,-78.16232,HTML_EMBEDDED
MALVAS,-9.92723,-77.65519,HTML_EMBEDDED
PISCOBAMBA II,-8.87045,-77.35072,HTML_EMBEDDED
CABANA,-8.39058,-78.00461,HTML_EMBEDDED
POMABAMBA,-8.8217,-77.45733,HTML_EMBEDDED
RECUAY,-9.72919,-77.45365,HTML_EMBEDDED
CHACHAPOYAS,-6.2083,-77.86712,HTML_EMBEDDED
ARAMANGO,-5.41994,-78.43553,HTML_EMBEDDED
JAZAN,-5.94485,-77.97569,HTML_EMBEDDED
LOS NARANJOS,-5.75568,-78.43154,HTML_EMBEDDED
BAGUA CHICA,-5.66148,-78.53396,HTML_EMBEDDED
JAMALCA,-5.8927,-78.2339,HTML_EMBEDDED
CAJAMARQUILLA,-9.63204,-77.74136,HTML_EMBEDDED
PARIACOTO,-9.55239,-77.88761,HTML_EMBEDDED
AIJA,-9.78164,-77.60674,HTML_EMBEDDED
CHIQUIAN,-10.14763,-77.15949,HTML_EMBEDDED
CHAVIN,-9.58598,-77.17526,HTML_EMBEDDED
CHAMANA,-10.20739,-77.55872,HTML_EMBEDDED
SIHUAS,-8.56667,-77.65,HTML_EMBEDDED
YUNGAY,-9.14189,-77.74998,HTML_EMBEDDED
CURAHUASI,-13.55253,-72.73487,HTML_EMBEDDED
GRANJA SAN ANTONIO,-13.6049,-72.8569,HTML_EMBEDDED
ANDAHUAYLAS,-13.64863,-73.36679,HTML_EMBEDDED
AYMARAES,-14.29056,-73.25168,HTML_EMBEDDED
TAMBOBAMBA,-13.94492,-72.17522,HTML_EMBEDDED
PAMPAS,-13.43488,-73.82427,HTML_EMBEDDED
CURPAHUASI,-14.0628,-72.6669,HTML_EMBEDDED
LA PAMPILLA,-16.4138,-71.53453,HTML_EMBEDDED
CHIGUATA,-16.40644,-71.40913,HTML_EMBEDDED
HUASACACHE,-16.45774,-71.56635,HTML_EMBEDDED
TINGO GRANDE,-16.45992,-71.57431,HTML_EMBEDDED
PUENTE DEL DIABLO,-16.42679,-71.67503,HTML_EMBEDDED
LA JOYA,-16.58359,-71.92464,HTML_EMBEDDED
HACIENDA PAMPATA,-16.54193,-72.69957,HTML_EMBEDDED
OCOÑA,-16.427,-73.1145,HTML_EMBEDDED
CAMANA,-16.64395,-72.70432,HTML_EMBEDDED
CARAVELI,-15.77568,-73.36259,HTML_EMBEDDED
PUNTA ATICO,-16.2317,-73.6964,HTML_EMBEDDED
CHAPARRA,-15.74765,-73.87089,HTML_EMBEDDED
LOMAS,-15.57119,-74.8503,HTML_EMBEDDED
HUATIAPA,-16.00806,-72.48355,HTML_EMBEDDED
APLAO,-16.07288,-72.49226,HTML_EMBEDDED
ANDAGUA,-15.5009,-72.3551,HTML_EMBEDDED
CHOCO,-15.5771,-72.1296,HTML_EMBEDDED
MACHAHUAY,-15.65321,-72.50322,HTML_EMBEDDED
ORCOPAMPA,-15.2639,-72.341,HTML_EMBEDDED
PAMPACOLCA,-15.7167,-72.5683,HTML_EMBEDDED
CHIVAY,-15.64163,-71.60169,HTML_EMBEDDED
CABANACONDE,-15.6226,-71.97409,HTML_EMBEDDED
CAYLLOMA,-15.18882,-71.77019,HTML_EMBEDDED
HUAMBO,-15.73201,-72.10693,HTML_EMBEDDED
HUANCA,-16.03458,-71.88108,HTML_EMBEDDED
CAJATAMBO,-10.47788,-76.98971,HTML_EMBEDDED
CANTA,-11.47121,-76.62569,HTML_EMBEDDED
OBRAJILLO,-11.45293,-76.62217,HTML_EMBEDDED
PUENTE MAGDALENA,-11.69463,-76.83719,HTML_EMBEDDED
LA CAPILLA,-12.52194,-76.49637,HTML_EMBEDDED
SOCSI CAÑETE,-13.03051,-76.20027,HTML_EMBEDDED
SOCSI,-13.0283,-76.19453,HTML_EMBEDDED
PACARAN,-12.86689,-76.05793,HTML_EMBEDDED
PACARAN,-12.86096,-76.05479,HTML_EMBEDDED
HUAYAN,-11.45281,-77.122,HTML_EMBEDDED
SANTO DOMINGO,-11.37009,-77.02823,HTML_EMBEDDED
PAMPA DE MAJES,-16.3357,-72.1525,HTML_EMBEDDED
HUANCAVELICA,-12.7715,-75.0124,HTML_EMBEDDED
PUERTO ALMENDRA,-3.8286,-73.377,HTML_EMBEDDED
LA YARADA,-18.2107,-70.5259,HTML_EMBEDDED
MATUCANA,-11.83913,-76.37792,HTML_EMBEDDED
ANTAPUCRO,-12.0314,-76.62437,HTML_EMBEDDED
RIO BLANCO,-11.7345,-76.25938,HTML_EMBEDDED
HUAROCHIRI,-12.13886,-76.23429,HTML_EMBEDDED
SAN LAZARO DE ESCOMARCA,-12.18088,-76.35207,HTML_EMBEDDED
SAN MATEO DE HUANCHOR,-11.76017,-76.301,HTML_EMBEDDED
SAN MATEO,-11.76012,-76.30111,HTML_EMBEDDED
SANTA EULALIA,-11.92,-76.66664,HTML_EMBEDDED
SANTA EULALIA,-11.91984,-76.66678,HTML_EMBEDDED
UNJF SANCHEZ CARRION - HUACHO,-11.12386,-77.60603,HTML_EMBEDDED
LOMAS DE LACHAY,-11.36014,-77.36839,HTML_EMBEDDED
ALCANTARILLA,-11.06068,-77.55011,HTML_EMBEDDED
PICOY,-10.92162,-76.73701,HTML_EMBEDDED
PICOY,-10.92164,-76.7367,HTML_EMBEDDED
SAYAN,-11.13476,-77.19832,HTML_EMBEDDED
CAMAY,-10.91294,-77.6489,HTML_EMBEDDED
YAUYOS,-12.49173,-75.91039,HTML_EMBEDDED
HUANGASCAR,-12.89858,-75.83365,HTML_EMBEDDED
TAMSHIYACU,-4.00356,-73.16112,HTML_EMBEDDED
TAMSHIYACU,-4.00316,-73.1614,HTML_EMBEDDED
FRANCISCO ORELLANA,-3.42333,-72.76667,HTML_EMBEDDED
MAZAN,-3.48817,-73.08182,HTML_EMBEDDED
PUNCHANA,-3.6903,-73.2556,HTML_EMBEDDED
SAN RAMON,-5.93559,-76.11813,HTML_EMBEDDED
SAN LORENZO,-4.82954,-76.55477,HTML_EMBEDDED
SAN LORENZO,-4.8322,-76.5554,HTML_EMBEDDED
LAGUNAS,-5.2171,-75.6679,HTML_EMBEDDED
NAUTA,-4.51336,-73.58375,HTML_EMBEDDED
CABALLOCOCHA,-3.9112,-70.5119,HTML_EMBEDDED
PEBAS,-3.3188,-71.8588,HTML_EMBEDDED
GENARO HERRERA,-4.91003,-73.66944,HTML_EMBEDDED
PUERTO MALDONADO,-12.5873,-69.2088,HTML_EMBEDDED
IÑAPARI,-10.95589,-69.578,HTML_EMBEDDED
MOQUEGUA,-17.17875,-70.93269,HTML_EMBEDDED
CARUMAS,-16.8115,-70.6954,HTML_EMBEDDED
CALACOA,-16.73988,-70.68765,HTML_EMBEDDED
YACANGO,-17.09078,-70.86699,HTML_EMBEDDED
TUMILACA,-17.12838,-70.83689,HTML_EMBEDDED
OMATE,-16.67531,-70.97925,HTML_EMBEDDED
PUQUINA,-16.62978,-71.18476,HTML_EMBEDDED
QUINISTAQUILLAS,-16.74971,-70.87858,HTML_EMBEDDED
UBINAS,-16.3888,-70.8541,HTML_EMBEDDED
PUNTA COLES,-17.69862,-71.37331,HTML_EMBEDDED
ILO,-17.62381,-71.27188,HTML_EMBEDDED
CERRO DE PASCO,-10.69341,-76.26421,HTML_EMBEDDED
YANAHUANCA,-10.4896,-76.5129,HTML_EMBEDDED
OXAPAMPA,-10.5642,-75.4184,HTML_EMBEDDED
SAN MIGUEL,-5.2462,-80.68436,HTML_EMBEDDED
PARTIDOR,-4.73197,-80.27982,HTML_EMBEDDED
AYABACA,-4.63776,-79.71077,HTML_EMBEDDED
ALTO DE POCLUS,-4.9169,-79.89047,HTML_EMBEDDED
SAPILLICA,-4.77817,-79.98178,HTML_EMBEDDED
HUANCABAMBA,-5.24681,-79.45399,HTML_EMBEDDED
SALALA,-5.11153,-79.46349,HTML_EMBEDDED
HUARMACA,-5.56479,-79.51975,HTML_EMBEDDED
SONDORILLO,-5.3398,-79.43137,HTML_EMBEDDED
CHULUCANAS,-5.10843,-80.16956,HTML_EMBEDDED
CHALACO,-5.03865,-79.79168,HTML_EMBEDDED
EL VIRREY,-5.5337,-79.98233,HTML_EMBEDDED
SAN PEDRO,-5.07954,-80.01621,HTML_EMBEDDED
SAN PEDRO,-5.0796,-80.01624,HTML_EMBEDDED
MORROPON,-5.19465,-79.97107,HTML_EMBEDDED
MALACASI,-5.33977,-79.85794,HTML_EMBEDDED
SANTO DOMINGO,-5.03825,-79.87049,HTML_EMBEDDED
LA ESPERANZA,-4.92114,-81.05969,HTML_EMBEDDED
LANCONES,-4.64288,-80.54717,HTML_EMBEDDED
MALLARES,-4.85574,-80.73556,HTML_EMBEDDED
EL ALTO,-4.26198,-81.21815,HTML_EMBEDDED
CHUSIS,-5.52756,-80.81275,HTML_EMBEDDED
BERNAL,-5.4545,-80.74262,HTML_EMBEDDED
PUNO,-15.82625,-70.01208,HTML_EMBEDDED
LOS UROS,-15.82039,-69.97413,HTML_EMBEDDED
RINCON DE LA CRUZ,-15.99017,-69.80961,HTML_EMBEDDED
ISLA TAQUILE,-15.77019,-69.69107,HTML_EMBEDDED
CAPACHICA,-15.61344,-69.84222,HTML_EMBEDDED
MAÑAZO,-15.79944,-70.33949,HTML_EMBEDDED
LARAQUERI,-16.13599,-70.04587,HTML_EMBEDDED
AZANGARO,-14.9172,-70.19046,HTML_EMBEDDED
PUENTE  AZANGARO,-14.91975,-70.18936,HTML_EMBEDDED
ARAPA,-15.1786,-70.109,HTML_EMBEDDED
MUÑANI,-14.76694,-69.95181,HTML_EMBEDDED
MACUSANI,-14.06674,-70.42205,HTML_EMBEDDED
CRUCERO,-14.36419,-70.02592,HTML_EMBEDDED
SAN GABAN,-13.4609,-70.41,HTML_EMBEDDED
JULI,-16.20378,-69.45992,HTML_EMBEDDED
PUENTE INTERNACIONAL DESAGUADERO,-16.5638,-69.0363,HTML_EMBEDDED
PUENTE YOROHOCO CALLACAME,-16.57065,-69.32278,HTML_EMBEDDED
PIZACOMA,-16.9043,-69.3695,HTML_EMBEDDED
ZAPATILLA,-16.1386,-69.5787,HTML_EMBEDDED
PUENTE ILAVE,-16.0882,-69.6317,HTML_EMBEDDED
ILAVE,-16.05994,-69.64039,HTML_EMBEDDED
MAZO CRUZ,-16.73888,-69.71544,HTML_EMBEDDED
HUANCANE,-15.20687,-69.7583,HTML_EMBEDDED
PUENTE CARRETERA HUANCANE,-15.21588,-69.79262,HTML_EMBEDDED
PUENTE CARRETERA RAMIS,-15.2553,-69.8738,HTML_EMBEDDED
LAMPA,-15.36109,-70.37415,HTML_EMBEDDED
PAMPAHUTA,-15.4837,-70.676,HTML_EMBEDDED
PUCARA,-15.04567,-70.36663,HTML_EMBEDDED
RIO VERDE,-15.68427,-70.60002,HTML_EMBEDDED
CRUCERO ALTO,-15.7643,-70.9113,HTML_EMBEDDED
AYAVIRI,-14.8688,-70.5916,HTML_EMBEDDED
LLALLY,-14.95286,-70.88052,HTML_EMBEDDED
HUARAYA MOHO,-15.3881,-69.4842,HTML_EMBEDDED
PUTINA,-14.921,-69.8757,HTML_EMBEDDED
ANANEA,-14.6763,-69.5339,HTML_EMBEDDED
PUENTE UNOCOLLA COATA,-15.45085,-70.19133,HTML_EMBEDDED
CABANILLAS,-15.63911,-70.34661,HTML_EMBEDDED
MOYOBAMBA,-6.04481,-76.96822,HTML_EMBEDDED
JEPELACIO,-6.11275,-76.90761,HTML_EMBEDDED
SORITOR,-6.142,-77.09179,HTML_EMBEDDED
BELLAVISTA,-7.05517,-76.55836,HTML_EMBEDDED
SAN PABLO,-6.80956,-76.57625,HTML_EMBEDDED
ALAO,-6.517,-76.73806,HTML_EMBEDDED
SAPOSOA,-6.94313,-76.76823,HTML_EMBEDDED
LAMAS,-6.41874,-76.52794,HTML_EMBEDDED
PONGO DE CAYNARACHI,-6.33047,-76.28175,HTML_EMBEDDED
TABALOSOS,-6.39533,-76.62533,HTML_EMBEDDED
HUAYABAMBA,-7.26871,-76.73701,HTML_EMBEDDED
PACHIZA,-7.29322,-76.77092,HTML_EMBEDDED
PICOTA,-6.91949,-76.3272,HTML_EMBEDDED
PILLUANA,-6.77631,-76.29056,HTML_EMBEDDED
SHAMBOYACU,-7.0223,-76.12911,HTML_EMBEDDED
SHAMBOYACU,-7.02302,-76.12952,HTML_EMBEDDED
TINGO DE PONAZA,-6.93722,-76.25267,HTML_EMBEDDED
RIOJA,-6.04728,-77.17197,HTML_EMBEDDED
TARAPOTO,-6.47597,-76.37039,HTML_EMBEDDED
CHAZUTA,-6.57119,-76.1315,HTML_EMBEDDED
EL PORVENIR,-6.58903,-76.31825,HTML_EMBEDDED
PUENTE TOCACHE,-8.18475,-76.50789,HTML_EMBEDDED
TANANTA,-8.11524,-76.58049,HTML_EMBEDDED
JORGE BASADRE,-18.02689,-70.25153,HTML_EMBEDDED
CALANA,-17.97458,-70.1932,HTML_EMBEDDED
CORUCA,-17.63312,-70.45456,HTML_EMBEDDED
SAMA GRANDE,-17.78758,-70.48962,HTML_EMBEDDED
CALIENTES,-17.884,-70.1425,HTML_EMBEDDED
PALCA,-17.77795,-69.95864,HTML_EMBEDDED
CANDARAVE,-17.26776,-70.25537,HTML_EMBEDDED
LOCUMBA,-17.6179,-70.761,HTML_EMBEDDED
ILABAYA,-17.41783,-70.51281,HTML_EMBEDDED
ITE,-17.86008,-70.95169,HTML_EMBEDDED
TARATA,-17.47935,-70.03663,HTML_EMBEDDED
SUSAPAYA,-17.34771,-70.13472,HTML_EMBEDDED
PUERTO PIZARRO,-3.5038,-80.39504,HTML_EMBEDDED
LA CRUZ,-3.62829,-80.56927,HTML_EMBEDDED
EL TIGRE,-3.76848,-80.45685,HTML_EMBEDDED
RICA PLAYA,-3.8119,-80.50546,HTML_EMBEDDED
CAÑAVERAL,-3.9391,-80.65058,HTML_EMBEDDED
PAPAYAL,-3.56732,-80.23324,HTML_EMBEDDED
AGUAYTIA,-9.04225,-75.50624,HTML_EMBEDDED
PUENTE AGUAYTIA,-9.03738,-75.50449,HTML_EMBEDDED
SAN ALEJANDRO,-8.83444,-75.21639,HTML_EMBEDDED
SAN ALEJANDRO,-8.83091,-75.21281,HTML_EMBEDDED
RIO GRANDE,-14.52648,-75.21306,HTML_EMBEDDED
PAMPA BLANCA,-14.23731,-75.10407,HTML_EMBEDDED
LETRAYOC,-13.65773,-75.74496,HTML_EMBEDDED
HACIENDA BERNALES,-13.74114,-75.96641,HTML_EMBEDDED
SANTA ANA,-12.00955,-75.22158,HTML_EMBEDDED
PUENTE BREÑA,-12.05216,-75.24051,HTML_EMBEDDED
VIQUES,-12.15603,-75.2283,HTML_EMBEDDED
RUNATULLO,-11.61812,-75.01224,HTML_EMBEDDED
COMAS,-11.74794,-75.13012,HTML_EMBEDDED
INGENIO,-11.87521,-75.29665,HTML_EMBEDDED
PICHANAKI,-10.93352,-74.86681,HTML_EMBEDDED
RIO TULUMAYO,-11.2091,-75.3348,HTML_EMBEDDED
RICRAN,-11.54,-75.5273,HTML_EMBEDDED
JAUJA,-11.78663,-75.48687,HTML_EMBEDDED
JUNIN,-11.14328,-75.98878,HTML_EMBEDDED
SATIPO,-11.2247,-74.6087,HTML_EMBEDDED
TARMA,-11.3967,-75.6899,HTML_EMBEDDED
HUASAHUASI,-11.2677,-75.6391,HTML_EMBEDDED
YANTAC,-11.34583,-76.40453,HTML_EMBEDDED
LA OROYA,-11.57177,-75.95762,HTML_EMBEDDED
HUAYAO,-12.0402,-75.32049,HTML_EMBEDDED
SAN JUAN DE JARPA,-12.12454,-75.43178,HTML_EMBEDDED
LAIVE,-12.25229,-75.36053,HTML_EMBEDDED
TRUJILLO,-8.11203,-78.9851,HTML_EMBEDDED
CHERREPE,-7.11887,-79.56118,HTML_EMBEDDED
CALLANCAS,-7.76747,-78.47727,HTML_EMBEDDED
SALPO,-8.00535,-78.6071,HTML_EMBEDDED
HUAMACHUCO,-7.81916,-78.04013,HTML_EMBEDDED
CACHICADAN,-8.09184,-78.14938,HTML_EMBEDDED
REQUE,-6.88613,-79.8355,HTML_EMBEDDED
OYOTUN,-6.86394,-79.32062,HTML_EMBEDDED
SIPAN,-6.80141,-79.60002,HTML_EMBEDDED
CAYALTI,-6.8808,-79.547,HTML_EMBEDDED
JAYANCA,-6.33159,-79.76869,HTML_EMBEDDED
PASABAR,-5.83722,-79.81908,HTML_EMBEDDED
LAMBAYEQUE,-6.73438,-79.90894,HTML_EMBEDDED
CAMPO DE MARTE,-12.07053,-77.04317,HTML_EMBEDDED
CHOSICA,-11.92986,-76.68975,HTML_EMBEDDED
CHOSICA,-11.92983,-76.68973,HTML_EMBEDDED
ÑAÑA,-11.98744,-76.84194,HTML_EMBEDDED
PUENTE HUACHIPA,-12.01281,-76.89441,HTML_EMBEDDED
YONAN GORE,-7.25592,-79.09909,HTML_EMBEDDED
CUTERVO,-6.37914,-78.81339,HTML_EMBEDDED
TUNEL CHOTANO,-6.54049,-78.78432,HTML_EMBEDDED
CUMBA,-5.94135,-78.66413,HTML_EMBEDDED
BAMBAMARCA M,-6.67981,-78.52346,HTML_EMBEDDED
BAMBAMARCA H,-6.66975,-78.54119,HTML_EMBEDDED
CHUGUR,-6.66878,-78.738,HTML_EMBEDDED
JAEN,-5.67667,-78.77418,HTML_EMBEDDED
CACAO,-5.88406,-78.96256,HTML_EMBEDDED
SAUZAL,-5.77168,-79.39769,HTML_EMBEDDED
HUALLAPE,-5.45077,-78.69579,HTML_EMBEDDED
SAN MARCOS,-7.32249,-78.17269,HTML_EMBEDDED
TONGOD,-6.74456,-78.81392,HTML_EMBEDDED
CAÑAD,-6.64934,-78.99733,HTML_EMBEDDED
CIRATO,-6.65583,-79.07384,HTML_EMBEDDED
PUENTE AMBAN,-6.58271,-78.91262,HTML_EMBEDDED
CHANCAY BAÑOS,-6.57489,-78.86721,HTML_EMBEDDED
POMACANCHI,-14.0278,-71.5726,HTML_EMBEDDED
SORAYPAMPA,-13.3955,-72.5736,HTML_EMBEDDED
ANCACHURO,-13.4724,-72.2188,HTML_EMBEDDED
CALCA,-13.33333,-71.95524,HTML_EMBEDDED
NUEVO PISAC,-13.42264,-71.85388,HTML_EMBEDDED
SAUSAYA,-14.52931,-71.35831,HTML_EMBEDDED
PAYAPUNKU,-14.4261,-71.28145,HTML_EMBEDDED
SICUANI,-14.23736,-71.23669,HTML_EMBEDDED
SIBINACOCHA,-13.92214,-71.01823,HTML_EMBEDDED
QUISOQUEPINA,-13.79505,-70.88622,HTML_EMBEDDED
SALCCA,-14.16991,-71.23186,HTML_EMBEDDED
MARCA CUNKA,-14.49847,-72.08952,HTML_EMBEDDED
SANTO TOMAS,-14.44896,-72.09645,HTML_EMBEDDED
HUAYHUAHUASI,-14.67242,-71.51991,HTML_EMBEDDED
PONGO DE MAINIQUE,-12.24986,-72.82447,HTML_EMBEDDED
SAN PABLO,-13.02506,-72.61988,HTML_EMBEDDED
PICHARI,-12.52296,-73.83956,HTML_EMBEDDED
PAUCARTAMBO,-13.3177,-71.59741,HTML_EMBEDDED
ACJANACO,-13.19672,-71.61941,HTML_EMBEDDED
QUINCEMIL,-13.2289,-70.7544,HTML_EMBEDDED
ASHANAKU,-13.58048,-71.58878,HTML_EMBEDDED
URUBAMBA,-13.3052,-72.1246,HTML_EMBEDDED
QORIHUAYRACHINA,-13.22419,-72.43383,HTML_EMBEDDED
INTIHUATANA H,-13.18517,-72.52319,HTML_EMBEDDED
MACHUPICCHU,-13.16655,-72.54585,HTML_EMBEDDED
INTIHUATANA M,-13.17418,-72.56036,HTML_EMBEDDED
HUAYLLABAMBA,-13.26581,-72.44881,HTML_EMBEDDED
PACAYMAYO,-13.23419,-72.49841,HTML_EMBEDDED
CHILCA,-13.2235,-72.34056,HTML_EMBEDDED
COCHAMARCA,-12.99,-75.51019,HTML_EMBEDDED
HUACHOS,-13.21667,-75.53333,HTML_EMBEDDED
CHALLACA,-13.7898,-75.417,HTML_EMBEDDED
CORDOVA,-14.03333,-75.16667,HTML_EMBEDDED
CUSICANCHA,-13.48333,-75.3,HTML_EMBEDDED
CHALLACA M,-13.7905,-75.3821,HTML_EMBEDDED
SANTIAGO DE CHOCORVOS,-13.83333,-75.25,HTML_EMBEDDED
COCHABAMBA GRANDE,-12.19238,-74.51493,HTML_EMBEDDED
CHINCHAVITO,-9.515,-75.9425,HTML_EMBEDDED
PUENTE TARUCA,-9.85056,-76.1519,HTML_EMBEDDED
QUISCA,-10.08922,-76.21556,HTML_EMBEDDED
SAN MARTIN,-9.40385,-76.76482,HTML_EMBEDDED
CACHICOTO,-9.21931,-76.21294,HTML_EMBEDDED
PUENTE BELLA,-9.32411,-76.02935,HTML_EMBEDDED
TINGO MARIA,-9.29601,-76.00207,HTML_EMBEDDED
PUENTE PEREZ,-9.34694,-75.9825,HTML_EMBEDDED
PUERTO INCA,-9.3851,-74.96376,HTML_EMBEDDED
JESUS DE LAURICOCHA,-10.07819,-76.63119,HTML_EMBEDDED
PUCA PUCA,-9.87895,-76.5909,HTML_EMBEDDED
RAMADILLAS,-13.80857,-75.50129,HTML_EMBEDDED
LOS MOLINOS,-13.9102,-75.66696,HTML_EMBEDDED
HUAMANI EL TAMBO,-13.84386,-75.58944,HTML_EMBEDDED
BETA SANTIAGO,-14.23739,-75.67022,HTML_EMBEDDED
CONTA M,-13.43936,-75.97517,HTML_EMBEDDED
FONAGRO,-13.45944,-76.15167,HTML_EMBEDDED
SAN PEDRO DE HUACARPANA,-13.04889,-75.64806,HTML_EMBEDDED
HUALLPOCA,-14.63201,-74.95588,HTML_EMBEDDED
PALPA,-14.54935,-75.18921,HTML_EMBEDDED
IMATA,-15.84266,-71.09062,HTML_EMBEDDED
PILLONES,-15.97861,-71.21333,HTML_EMBEDDED
SUMBAY,-15.81667,-71.11667,HTML_EMBEDDED
SIBAYO,-15.49422,-71.4638,HTML_EMBEDDED
COTACOTA,-15.21331,-71.38955,HTML_EMBEDDED
VISCA VISCA,-14.7228,-71.9787,HTML_EMBEDDED
COROPUNA,-15.53597,-72.61056,HTML_EMBEDDED
CUYAU,-15.21794,-72.93564,HTML_EMBEDDED
COTAHUASI,-15.21134,-72.89331,HTML_EMBEDDED
PAMPA CANGALLO,-13.56184,-74.19889,HTML_EMBEDDED
SANTA CRUZ DE HOSPICIO,-13.4383,-74.7993,HTML_EMBEDDED
HUAC-HUAS,-14.12861,-74.94583,HTML_EMBEDDED
CCONTACC,-14.5423,-74.2642,HTML_EMBEDDED
PAMPA GALERAS,-14.66917,-74.40361,HTML_EMBEDDED
HURAY HUMA,-14.564,-73.5558,HTML_EMBEDDED
PAUZA,-15.275,-73.34083,HTML_EMBEDDED
PAUCARAY,-14.04361,-73.63833,HTML_EMBEDDED
UNC CAJAMARCA,-7.16747,-78.49307,HTML_EMBEDDED
CAJABAMBA,-7.62167,-78.05111,HTML_EMBEDDED
CRISNEJAS,-7.4639,-78.1131,HTML_EMBEDDED
CELENDIN,-6.85303,-78.14487,HTML_EMBEDDED
BALSAS,-6.84461,-78.03025,HTML_EMBEDDED
CHOTA,-6.55405,-78.67588,HTML_EMBEDDED
HUAMBOS,-6.45364,-78.96319,HTML_EMBEDDED
PUENTE SAN CARLOS,-6.61515,-79.27136,HTML_EMBEDDED
LA MUCHALA,-6.47998,-79.22406,HTML_EMBEDDED
CASCABAMBA,-7.38407,-78.72682,HTML_EMBEDDED
PUENTE CHILETE,-7.21968,-78.83798,HTML_EMBEDDED
GUZMANGO,-7.38133,-78.9033,HTML_EMBEDDED
SAUCEPAMPA,-9.0309,-77.7763,HTML_EMBEDDED
PUENTE CAHUA,-10.60597,-77.34388,HTML_EMBEDDED
RECUAY,-9.72919,-77.45365,HTML_EMBEDDED
PACHACOTO,-9.85243,-77.40607,HTML_EMBEDDED
SHAQUEK,-10.07116,-77.52504,HTML_EMBEDDED
PUENTE SALINAS AMOJAO,-5.45096,-78.4894,HTML_EMBEDDED
BAGUA,-5.66145,-78.53403,HTML_EMBEDDED
CORRAL QUEMADO,-5.75461,-78.69208,HTML_EMBEDDED
MAGUNCHAL,-5.88987,-78.18876,HTML_EMBEDDED
NARANJITO,-5.81968,-78.27598,HTML_EMBEDDED
BUENA VISTA,-9.43372,-78.20828,HTML_EMBEDDED
CHAVIN,-9.58598,-77.17529,HTML_EMBEDDED
CONDORCERRO,-8.65793,-78.26172,HTML_EMBEDDED
SAN JACINTO,-9.141,-78.2023,HTML_EMBEDDED
CURAHUASI,-13.5526,-72.7349,HTML_EMBEDDED
GRANJA SAN ANTONIO,-13.60492,-72.85693,HTML_EMBEDDED
HUACULLO,-14.65289,-72.57275,HTML_EMBEDDED
CASACCANCHA,-13.98923,-72.29832,HTML_EMBEDDED
PUENTE PAMPAS GORE APU,-13.43493,-73.82737,HTML_EMBEDDED
TANCAYLLO,-13.63523,-73.69004,HTML_EMBEDDED
AREQUIPA UV,-16.4042,-71.55155,HTML_EMBEDDED
LA PAMPILLA,-16.41384,-71.53452,HTML_EMBEDDED
CAYMA,-16.31689,-71.57919,HTML_EMBEDDED
CHARCANI,-16.31086,-71.49511,HTML_EMBEDDED
CHIGUATA,-16.40645,-71.40914,HTML_EMBEDDED
HUASACACHE,-16.45774,-71.56635,HTML_EMBEDDED
TINGO GRANDE,-16.45992,-71.57431,HTML_EMBEDDED
SAN FRANCISCO,-16.38519,-71.49044,HTML_EMBEDDED
TUCTUMPAYA,-16.48827,-71.33463,HTML_EMBEDDED
SAN JOSE DE UZUNA,-16.58103,-71.32836,HTML_EMBEDDED
LAS SALINAS,-16.32064,-71.15212,HTML_EMBEDDED
PUENTE DEL DIABLO,-16.42665,-71.67507,HTML_EMBEDDED
BOYADERO,-16.58989,-72.00886,HTML_EMBEDDED
PATAHUASI,-16.05542,-71.41481,HTML_EMBEDDED
YURA,-16.30271,-71.62395,HTML_EMBEDDED
SOCOSANI,-16.25944,-71.72056,HTML_EMBEDDED
CAMANA,-16.64395,-72.70432,HTML_EMBEDDED
OCOÑA,-16.427,-73.1145,HTML_EMBEDDED
HUATIAPA,-16.00806,-72.48355,HTML_EMBEDDED
CHIVAY,-15.64163,-71.60169,HTML_EMBEDDED
HUANCA,-16.03458,-71.88108,HTML_EMBEDDED
SAN MARTIN DE PORRES,-12.00889,-77.08447,HTML_EMBEDDED
SANTA ANITA,-12.04302,-76.97144,HTML_EMBEDDED
LAS PALMAS,-12.15675,-77.01303,HTML_EMBEDDED
VILLA MARIA DEL TRIUNFO,-12.16639,-76.92,HTML_EMBEDDED
HUAROS,-11.40744,-76.57584,HTML_EMBEDDED
LA CAPILLA SENAMHI,-12.52183,-76.49658,HTML_EMBEDDED
CAÑETE,-13.07475,-76.33042,HTML_EMBEDDED
SOCSI,-13.02825,-76.1945,HTML_EMBEDDED
SANTO DOMINGO,-11.37,-77.02833,HTML_EMBEDDED
PIRCA,-11.23284,-76.65514,HTML_EMBEDDED
PUENTE CALLANTAMA,-11.2989,-76.8518,HTML_EMBEDDED
PAMPA DE MAJES,-16.33565,-72.15266,HTML_EMBEDDED
HUANCAVELICA,-12.77163,-75.01237,HTML_EMBEDDED
AMAZONAS,-3.76397,-73.25492,HTML_EMBEDDED
VICHAYCOCHA,-11.13916,-76.62455,HTML_EMBEDDED
SANTA CRUZ,-11.19827,-76.63487,HTML_EMBEDDED
CARAC,-11.19005,-76.77937,HTML_EMBEDDED
CUCHUANCA,-11.20158,-76.7881,HTML_EMBEDDED
MATUCANA,-11.83911,-76.378,HTML_EMBEDDED
PUENTE ANTAPUCRO,-12.0333,-76.6333,HTML_EMBEDDED
CASAPALCA,-11.638,-76.23325,HTML_EMBEDDED
SAN MATEO,-11.76012,-76.30111,HTML_EMBEDDED
SAN MATEO DE OTAO,-11.847,-76.56359,HTML_EMBEDDED
SANTA EULALIA,-11.92,-76.66664,HTML_EMBEDDED
SANTIAGO DE TUNA,-11.9832,-76.5242,HTML_EMBEDDED
PICOY,-10.92159,-76.73703,HTML_EMBEDDED
SAYAN,-11.13472,-77.19833,HTML_EMBEDDED
CARANIA,-12.3444,-75.87215,HTML_EMBEDDED
ENAPU PERU,-3.72722,-73.23694,HTML_EMBEDDED
CABALLOCOCHA,-3.91125,-70.51206,HTML_EMBEDDED
PEBAS,-3.31791,-71.85962,HTML_EMBEDDED
CONTAMANA,-7.35254,-75.00632,HTML_EMBEDDED
BILINGURSTH,-12.56083,-69.18949,HTML_EMBEDDED
CACHUELA,-12.60442,-69.18304,HTML_EMBEDDED
PUENTE HERRERA,-12.61361,-69.19413,HTML_EMBEDDED
TAMBOPATA,-12.5925,-69.17529,HTML_EMBEDDED
PUERTO MALDONADO,-12.5873,-69.2088,HTML_EMBEDDED
MALINOWSKY,-12.93411,-69.5175,HTML_EMBEDDED
SALVACION,-12.8312,-71.36446,HTML_EMBEDDED
IÑAPARI,-10.95589,-69.578,HTML_EMBEDDED
MOQUEGUA,-17.17874,-70.93267,HTML_EMBEDDED
12 DE OCTUBRE,-10.60641,-76.52927,HTML_EMBEDDED
OXAPAMPA,-10.59417,-75.38417,HTML_EMBEDDED
PUERTO BERMUDEZ,-10.28619,-74.94356,HTML_EMBEDDED
MIRAFLORES,-5.17528,-80.61654,HTML_EMBEDDED
PARTIDOR,-4.73197,-80.27978,HTML_EMBEDDED
LAGARTERA,-4.7285,-80.06956,HTML_EMBEDDED
BOCATOMA CHIPILLICO,-4.7142,-80.11825,HTML_EMBEDDED
TAMBO GRANDE,-4.93848,-80.34703,HTML_EMBEDDED
HUALCUY,-4.74701,-79.60729,HTML_EMBEDDED
ALTO DE POCLUS,-4.91691,-79.89052,HTML_EMBEDDED
PAIMAS,-4.63439,-79.94581,HTML_EMBEDDED
SAPILLICA,-4.79639,-79.99972,HTML_EMBEDDED
EL CIRUELO,-4.29899,-80.1673,HTML_EMBEDDED
PUENTE MACARA,-4.39338,-79.96412,HTML_EMBEDDED
HUANCABAMBA,-5.24681,-79.45399,HTML_EMBEDDED
HUARMACA,-5.56586,-79.52544,HTML_EMBEDDED
CANCHAQUE,-5.40055,-79.6052,HTML_EMBEDDED
PUENTE ÑACARA,-5.1128,-80.17296,HTML_EMBEDDED
CHULUCANAS,-5.10844,-80.16954,HTML_EMBEDDED
CORRAL DEL MEDIO,-5.18871,-79.89148,HTML_EMBEDDED
CHALACO,-5.03389,-79.83,HTML_EMBEDDED
SAN PEDRO,-5.07954,-80.0162,HTML_EMBEDDED
MORROPON,-5.19465,-79.97107,HTML_EMBEDDED
SALITRAL,-5.34602,-79.83761,HTML_EMBEDDED
MALACASI,-5.33977,-79.85794,HTML_EMBEDDED
HACIENDA BIGOTE,-5.32089,-79.78569,HTML_EMBEDDED
HACIENDA BARRIOS,-5.2895,-79.69909,HTML_EMBEDDED
SANTO DOMINGO,-5.03827,-79.87049,HTML_EMBEDDED
PUENTE SIMON RODRIGUEZ,-4.87999,-81.02038,HTML_EMBEDDED
LANCONES,-4.6429,-80.54716,HTML_EMBEDDED
ALAMOR,-4.47749,-80.39788,HTML_EMBEDDED
LA ARDILLA,-4.49094,-80.38819,HTML_EMBEDDED
CHUSIS,-5.51694,-80.83361,HTML_EMBEDDED
BERNAL,-5.45449,-80.74262,HTML_EMBEDDED
PUNO,-15.82625,-70.01208,HTML_EMBEDDED
ENAFER,-15.83647,-70.016,HTML_EMBEDDED
ILLPA,-15.68726,-70.07988,HTML_EMBEDDED
LARAQUERI,-16.13592,-70.04589,HTML_EMBEDDED
PUENTE AZANGARO,-14.92139,-70.18861,HTML_EMBEDDED
UPINA,-13.88492,-70.08281,HTML_EMBEDDED
AYMAÑA,-13.87279,-70.66759,HTML_EMBEDDED
CRUCERO,-14.36416,-70.02583,HTML_EMBEDDED
DESAGUADERO,-16.56364,-69.03667,HTML_EMBEDDED
PUENTE CARRETERA RAMIS,-15.25544,-69.87381,HTML_EMBEDDED
HUANCASAYA,-15.14308,-69.21467,HTML_EMBEDDED
LAMPA,-15.36296,-70.37343,HTML_EMBEDDED
CABANILLAS,-15.63909,-70.34661,HTML_EMBEDDED
PAMPAHUTA,-15.48369,-70.67599,HTML_EMBEDDED
CRUCERO ALTO,-15.76448,-70.911,HTML_EMBEDDED
PALCA,-15.2359,-70.59313,HTML_EMBEDDED
ANANSAYA -PUNA,-14.33386,-70.52334,HTML_EMBEDDED
JULIACA,-15.47106,-70.17122,HTML_EMBEDDED
JEPELACIO,-6.11275,-76.90761,HTML_EMBEDDED
BELLAVISTA,-7.05517,-76.55836,HTML_EMBEDDED
SHANAO,-6.41291,-76.60001,HTML_EMBEDDED
TINGO DE PONAZA,-6.93722,-76.25267,HTML_EMBEDDED
NARANJILLO,-5.80962,-77.39321,HTML_EMBEDDED
EL PORVENIR,-6.58906,-76.31824,HTML_EMBEDDED
TOCACHE,-8.18475,-76.50789,HTML_EMBEDDED
CERRO BLANCO,-17.96873,-70.15231,HTML_EMBEDDED
CORUCA,-17.63312,-70.45456,HTML_EMBEDDED
LA TRANCA,-17.74313,-70.47178,HTML_EMBEDDED
CAPLINA,-17.6921,-69.92511,HTML_EMBEDDED
CHALLATA,-17.81542,-70.09896,HTML_EMBEDDED
REPRESA PAUCARANI,-17.53436,-69.76499,HTML_EMBEDDED
BOCATOMA EL AYRO,-17.58019,-69.62673,HTML_EMBEDDED
CANDARAVE,-17.268,-70.25409,HTML_EMBEDDED
CORACHAY II,-17.11435,-70.28838,HTML_EMBEDDED
LAGUNA ARICOTA,-17.37093,-70.30847,HTML_EMBEDDED
PUENTE VIEJO,-17.61756,-70.76097,HTML_EMBEDDED
TICAPAMPA,-17.47659,-70.54263,HTML_EMBEDDED
TARATA,-17.47937,-70.03665,HTML_EMBEDDED
CHUAPALCA,-17.30882,-69.66179,HTML_EMBEDDED
PUENTE TALAPALCA,-17.47487,-70.17265,HTML_EMBEDDED
ANCOAQUE,-17.19972,-69.93917,HTML_EMBEDDED
VILACOTA,-17.07909,-70.04302,HTML_EMBEDDED
SALIDA TUNEL KOVIRE,-17.23804,-70.00854,HTML_EMBEDDED
REPRESA JARUMAS,-17.3692,-69.94863,HTML_EMBEDDED
PUERTO PIZARRO,-3.50396,-80.39538,HTML_EMBEDDED
PUENTE TUMBES,-3.5709,-80.4609,HTML_EMBEDDED
CAMPAMENTO SEDE,-3.55115,-80.42962,HTML_EMBEDDED
RICA PLAYA,-3.81333,-80.4575,HTML_EMBEDDED
HUASIMO,-3.99815,-80.50392,HTML_EMBEDDED
CABO INGA M,-3.97594,-80.40182,HTML_EMBEDDED
CABO INGA H,-3.97873,-80.39938,HTML_EMBEDDED
EL TIGRE,-3.7687,-80.45689,HTML_EMBEDDED
CAÑAVERAL,-3.93905,-80.65055,HTML_EMBEDDED
MATAPALO,-3.68276,-80.19851,HTML_EMBEDDED
CALLERIA,-7.89825,-74.49886,HTML_EMBEDDED
PUERTO ESPERANZA,-9.77083,-70.70666,HTML_EMBEDDED
LETRAYOC,-13.65773,-75.74496,HTML_EMBEDDED
HUAYTAPALLANA,-11.92717,-75.06186,HTML_EMBEDDED
SATIPO,-11.2247,-74.6087,HTML_EMBEDDED
POTSOTENI,-11.41316,-74.14723,HTML_EMBEDDED
TARMA,-11.3967,-75.6899,HTML_EMBEDDED
CHACAPALPA,-11.7525,-75.74226,HTML_EMBEDDED
MARCAPOMACOCHA,-11.40443,-76.32508,HTML_EMBEDDED
SALINAR,-7.66069,-78.96109,HTML_EMBEDDED
CASAGRANDE,-7.75031,-79.18869,HTML_EMBEDDED
CALLANCAS,-7.7675,-78.47729,HTML_EMBEDDED
LA FORTUNA,-7.67042,-78.40242,HTML_EMBEDDED
USQUIL,-7.8186,-78.41497,HTML_EMBEDDED
PUENTE COINA,-7.79636,-78.38012,HTML_EMBEDDED
CAPACHIQUE,-7.85642,-78.31184,HTML_EMBEDDED
TICAPAMPA,-7.91641,-77.90148,HTML_EMBEDDED
QUIRUVILCA,-8.00419,-78.3079,HTML_EMBEDDED
PUENTE PALMIRA,-7.54919,-78.81051,HTML_EMBEDDED
CASCAS,-7.47987,-78.82367,HTML_EMBEDDED
LUCMA,-7.64333,-78.55135,HTML_EMBEDDED
EL TAMBO,-7.57398,-78.70655,HTML_EMBEDDED
MARMOT,-7.7635,-78.66725,HTML_EMBEDDED
TINAJONES,-6.65489,-79.42792,HTML_EMBEDDED
VISTA FLORIDA,-6.72775,-79.78088,HTML_EMBEDDED
PUCHACA,-6.37353,-79.46673,HTML_EMBEDDED
TONGORRAPE,-6.06692,-79.68203,HTML_EMBEDDED
EL VIRREY,-5.53579,-79.98416,HTML_EMBEDDED
PASABAR,-5.83714,-79.81911,HTML_EMBEDDED
ANTONIO RAYMONDI,-11.77606,-77.15139,HTML_EMBEDDED
CERES,-12.02867,-76.92711,HTML_EMBEDDED
AGUA AZUL BOCATOMA,-11.80778,-76.99766,HTML_EMBEDDED
CARABAYLLO,-11.90219,-77.03364,HTML_EMBEDDED
CAMPO DE MARTE,-12.07056,-77.04314,HTML_EMBEDDED
VON HUMBOLDT,-12.08221,-76.93944,HTML_EMBEDDED
ÑAÑA,-11.98744,-76.84194,HTML_EMBEDDED
CHOSICA,-11.92986,-76.68964,HTML_EMBEDDED
PUENTE PIEDRA,-11.86325,-77.07413,HTML_EMBEDDED
SAN BORJA,-12.10859,-77.00769,HTML_EMBEDDED
SAN JUAN DE LURIGANCHO,-11.98164,-76.99925,HTML_EMBEDDED
