CODIGO_ID,ESTACION,LATITUD,LONGITUD,TIPO_REPORTE
100090,MONTEGRANDE,-7.22499,-79.15323,DIFERIDO
201204,YONAN GORE,-7.25592,-79.09908,DIFERIDO
106067,QUEROCOTILLO,-6.27366,-79.03696,DIFERIDO
221110,PUENTE  MAYGASBAMBA,-6.67411,-78.52437,DIFERIDO
100113,QUEBRADA SHUGAR,-6.68778,-78.45694,DIFERIDO
106077,CHUGUR,-6.66878,-78.738,DIFERIDO
220405,CACAO,-5.8837,-78.9625,DIFERIDO
105057,EL LIMON,-5.91778,-79.31722,DIFERIDO
106065,HACIENDA PUCARA,-6.04167,-79.13389,DIFERIDO
105142,SAN MIGUEL,-5.24006,-78.91138,DIFERIDO
105111,COCHALAN,-5.4654,-78.9888,DIFERIDO
220814,COCHALAN,-5.4651,-78.9885,DIFERIDO
220812,TABACONAS,-5.32221,-79.28779,DIFERIDO
107055,LIVES,-7.0802,-79.04045,DIFERIDO
106122,CIRATO,-6.65579,-79.07395,DIFERIDO
106022,CHANCAY BAÑOS,-6.575,-78.86722,DIFERIDO
114131,SALCCA,-14.16997,-71.23187,DIFERIDO
113139,CHACLLABAMBA,-13.10855,-71.72,DIFERIDO
100030,CHONTACHACA,-13.02389,-71.46778,DIFERIDO
112142,HUANCALPI,-12.58029,-75.24179,DIFERIDO
113067,HUACHOS,-13.2206,-75.53348,DIFERIDO
113082,SAN JUAN DE CASTROVIRREYNA,-13.21198,-75.62758,DIFERIDO
113091,CHOCLOCOCHA,-13.1588,-75.07145,DIFERIDO
112066,PAUCARBAMBA,-12.55573,-74.53592,DIFERIDO
114065,CORDOVA,-14.04061,-75.18698,DIFERIDO
113016,TUNEL CERO,-13.25932,-75.08596,DIFERIDO
113086,CUSICANCHA,-13.50399,-75.29625,DIFERIDO
100025,CHALLACA PLU,-13.7896,-75.40029,DIFERIDO
113128,CHALLACA,-13.79047,-75.38212,DIFERIDO
113088,SANTIAGO DE CHOCORVOS,-13.83308,-75.25083,DIFERIDO
113087,TAMBO,-13.69163,-75.27418,DIFERIDO
230003,CHINCHAVITO,-9.515,-75.9425,DIFERIDO
230002,TARUCA,-9.85038,-76.15236,DIFERIDO
230717,HUERTAS,-10.1265,-76.20511,DIFERIDO
109085,JACAS GRANDE,-9.5433,-76.76042,DIFERIDO
230004,PUENTE BELLA,-9.32411,-76.02935,DIFERIDO
230001,PUENTE PEREZ,-9.34694,-75.9825,DIFERIDO
213504,HUAMANI EL TAMBO,-13.84358,-75.58928,DIFERIDO
113244,LOS MOLINOS,-13.9248,-75.6786,DIFERIDO
203501,CONTA,-13.43942,-75.97514,DIFERIDO
114106,HUALLPOCA,-14.632,-74.9559,DIFERIDO
115092,MADRIGAL,-15.60999,-71.80654,DIFERIDO
204702,SUMBAY,-15.8412,-71.1146,DIFERIDO
115126,PILLONES,-15.98124,-71.2167,DIFERIDO
204604,PUENTE COLGANTE-SIBAYO,-15.4942,-71.4637,DIFERIDO
115101,PORPERA,-15.3142,-71.3064,DIFERIDO
115098,TISCO,-15.34577,-71.44702,DIFERIDO
115078,CHICHAS,-15.54811,-72.91831,DIFERIDO
204501,SALAMANCA,-15.5033,-72.8318,DIFERIDO
115128,YANAQUIHUA,-15.77649,-72.87584,DIFERIDO
117006,LA HACIENDITA,-16.9986,-71.6008,DIFERIDO
204506,CUYAU,-15.2182,-72.9359,DIFERIDO
115084,PULLHUAY (AYAHUASI),-15.1459,-72.7439,DIFERIDO
115082,PUYCA,-15.06055,-72.69262,DIFERIDO
100055,HUANCASANCOS,-13.91694,-74.33361,DIFERIDO
112068,HUANTA,-12.9113,-74.2832,DIFERIDO
230705,HUASAPAMPA,-14.26667,-73.95,DIFERIDO
114067,LLAUTA,-14.2466,-74.9255,DIFERIDO
114072,LUCANAS,-14.6204,-74.2328,DIFERIDO
115076,LAMPA,-15.18468,-73.34786,DIFERIDO
113101,CHILCAYOC,-13.883,-73.7268,DIFERIDO
107033,AYLAMBO,-7.19345,-78.51012,DIFERIDO
107035,LA VICTORIA,-7.19119,-78.45947,DIFERIDO
106084,CHOTANO LAJAS,-6.5622,-78.7389,DIFERIDO
201301,CASCABAMBA,-7.38332,-78.73377,DIFERIDO
110051,OCROS,-10.40457,-77.40025,DIFERIDO
202404,CAHUA,-10.606,-77.34389,DIFERIDO
109095,NUEVO PACHACOTO,-9.85242,-77.40607,DIFERIDO
105104,CHIRIACO,-5.16144,-78.28806,DIFERIDO
104060,SANTA MARIA DE NIEVA,-4.83039,-77.93928,DIFERIDO
105040,EL PINTOR,-5.7562,-78.52286,DIFERIDO
105046,MAGUNCHAL,-5.8904,-78.1891,DIFERIDO
221506,MAGUNCHAL,-5.8898,-78.1886,DIFERIDO
106121,EL PALTO,-6.00039,-78.47097,DIFERIDO
211404,SAN PEDRO,-9.60776,-77.50963,DIFERIDO
109045,CHACCHAN,-9.53519,-77.77536,DIFERIDO
109048,PIRA,-9.58528,-77.70719,DIFERIDO
110040,MAYORARCA,-10.15775,-77.34889,DIFERIDO
109014,BUENA VISTA,-9.43371,-78.20825,DIFERIDO
113136,CUNYAC,-13.56334,-72.57594,DIFERIDO
204710,CHARCANI,-16.3109,-71.4949,DIFERIDO
116046,LAS SALINAS,-16.3206,-71.1521,DIFERIDO
116022,EL FRAYLE,-16.15482,-71.1891,DIFERIDO
116073,PATAHUASI-AREQUIPA,-16.05542,-71.41481,DIFERIDO
116043,PAMPA DE ARRIEROS,-16.0665,-71.5914,DIFERIDO
115088,AYO,-15.6833,-72.2704,DIFERIDO
115087,CHACHAS,-15.5025,-72.2686,DIFERIDO
110041,GORGOR,-10.62136,-77.04027,DIFERIDO
111057,ARAHUAY,-11.62091,-76.67034,DIFERIDO
111085,HUAMANTANGA,-11.50247,-76.74675,DIFERIDO
111089,HUAROS,-11.40743,-76.5758,DIFERIDO
202801,PARIACANCHA,-11.39315,-76.50244,DIFERIDO
111067,PARIACANCHA,-11.39315,-76.50294,DIFERIDO
111088,LACHAQUI,-11.554,-76.62706,DIFERIDO
111159,OBRAJILLO,-11.45264,-76.62206,DIFERIDO
111087,PIRCA,-11.2328,-76.65513,DIFERIDO
240503,AMAZONAS,-3.76668,-73.25308,DIFERIDO
240502,PUENTE ITAYA,-4.22513,-73.48251,DIFERIDO
240302,PUERTO ALMENDRA,-3.82743,-73.37741,DIFERIDO
103052,SAN ROQUE,-3.78667,-73.29333,DIFERIDO
240106,SEDA LORETO,-3.7528,-73.281,DIFERIDO
103023,MORALILLO,-3.89967,-73.33833,DIFERIDO
240401,ANGAMOS,-5.1512,-72.8752,DIFERIDO
105078,ANGAMOS,-5.1498,-72.8771,DIFERIDO
104061,BORJA,-4.4696,-77.5483,DIFERIDO
113251,PUENTE INAMBARI,-13.18638,-70.38401,DIFERIDO
240402,EL ESTRECHO,-2.453,-72.6812,DIFERIDO
102006,EL ESTRECHO,-2.4467,-72.6643,DIFERIDO
111081,SANTA CRUZ,-11.19827,-76.63487,DIFERIDO
112124,ANTIOQUIA,-12.07773,-76.51359,DIFERIDO
111091,CARAMPOMA,-11.65503,-76.51514,DIFERIDO
111062,SHEQUE,-11.66095,-76.5023,DIFERIDO
202902,MILLOC,-11.57046,-76.35017,DIFERIDO
111144,MILLOC,-11.57131,-76.34995,DIFERIDO
111114,CASAPALCA,-11.63804,-76.23332,DIFERIDO
111061,RIO BLANCO,-11.73447,-76.25967,DIFERIDO
112082,LANGA,-12.12645,-76.42108,DIFERIDO
111077,AUTISHA,-11.73815,-76.61103,DIFERIDO
202903,AUTISHA,-11.73523,-76.60659,DIFERIDO
111093,SAN JOSE DE PARAC,-11.80053,-76.25811,DIFERIDO
111291,SAN MATEO DE OTAO,-11.847,-76.5636,DIFERIDO
112080,HUANCATA,-12.18618,-76.24066,DIFERIDO
111092,SANTIAGO DE TUNA,-11.9832,-76.5242,DIFERIDO
110042,AMBAR,-10.75484,-77.2668,DIFERIDO
110053,PAMPA LIBRE,-10.86578,-76.97,DIFERIDO
111084,PACHAMACHAY,-11.06525,-76.9141,DIFERIDO
110056,PACCHO,-10.95602,-76.93473,DIFERIDO
110063,PARQUIN,-10.96665,-76.71983,DIFERIDO
202601,LAGUNA SURASACA,-10.5213,-76.7885,DIFERIDO
110059,LAGUNA SURASACA,-10.5238,-76.7867,DIFERIDO
110092,LAGUNA COCHAQUILLO,-10.80394,-76.65537,DIFERIDO
110020,OYON,-10.66769,-76.7687,DIFERIDO
110057,ANDAJES,-10.78333,-76.9,DIFERIDO
112096,YAURICOCHA,-12.31478,-75.71209,DIFERIDO
112128,AYAVIRI,-12.38208,-76.13672,DIFERIDO
112133,CARANIA,-12.3444,-75.87215,DIFERIDO
112135,VILCA,-12.11457,-75.82617,DIFERIDO
112127,HUAÑEC,-12.29359,-76.13902,DIFERIDO
112081,SAN PEDRO DE PILAS,-12.4548,-76.22559,DIFERIDO
112130,TANTA,-12.11667,-76.01667,DIFERIDO
103057,AMAZONAS,-3.76397,-73.25492,DIFERIDO
240001,SANTA MARIA DE NANAY,-3.8891,-73.6961,DIFERIDO
103009,MANITI,-3.5203,-72.8409,DIFERIDO
240202,TIMICURILLO,-3.5237,-73.0834,DIFERIDO
240111,BELLAVISTA,-3.4786,-73.068,DIFERIDO
103012,BELLAVISTA,-3.4788,-73.068,DIFERIDO
103014,LA LIBERTAD,-3.4863,-73.2337,DIFERIDO
240112,LA LIBERTAD,-3.4863,-73.2339,DIFERIDO
103013,SANTA CRUZ,-3.5169,-73.1526,DIFERIDO
240109,SANTA CRUZ,-3.51725,-73.15411,DIFERIDO
102009,SANTA CLOTILDE,-2.48757,-73.67919,DIFERIDO
240110,SANTA CLOTILDE,-2.487,-73.679,DIFERIDO
240304,SANTO TOMAS PUNCHANA,-3.69279,-73.25625,DIFERIDO
240102,ENAPU PERU,-3.72722,-73.23694,DIFERIDO
100132,SHANUSI,-6.06703,-76.2505,DIFERIDO
100080,LAGUNAS,-5.2194,-75.6661,DIFERIDO
220107,BORJA,-4.47,-77.548,DIFERIDO
221402,NAUTA,-4.5146,-73.5831,DIFERIDO
104098,SAN REGIS,-4.51301,-73.90751,DIFERIDO
220105,SAN REGIS,-4.5132,-73.9076,DIFERIDO
104065,SANTA RITA DE CASTILLA,-4.5922,-74.3806,DIFERIDO
240005,PUERTO ALEGRIA,-4.11491,-70.05391,DIFERIDO
104010,SANTA ROSA,-4.22636,-69.95629,DIFERIDO
240108,SANTA ROSA,-4.2242,-69.9535,DIFERIDO
105095,REQUENA,-5.04308,-73.83612,DIFERIDO
250101,REQUENA,-5.0411,-73.84,DIFERIDO
251100,FLOR DE PUNGA,-5.4077,-74.1569,DIFERIDO
105092,FLOR DE PUNGA,-5.4055,-74.1591,DIFERIDO
105091,TAMANCO,-5.7921,-74.289,DIFERIDO
105090,BRETAÑA,-5.2539,-74.3444,DIFERIDO
104067,BAGAZAN,-4.724,-73.5321,DIFERIDO
251104,GENARO HERRERA,-4.902,-73.6715,DIFERIDO
251102,CONTAMANA,-7.3518,-75.0109,DIFERIDO
100034,CONTAMANA,-7.3526,-75.0064,DIFERIDO
116052,PAMPA UMALZO (TITIJONES),-16.8439,-70.5494,DIFERIDO
117031,TUMILACA,-17.1277,-70.8369,DIFERIDO
214700,OTORA,-17.0073,-70.8536,DIFERIDO
117024,OTORA,-17.0041,-70.8504,DIFERIDO
100059,ICHUÑA,-16.14109,-70.5427,DIFERIDO
250503,ENTAZ,-10.72244,-75.26238,DIFERIDO
105100,MIRAFLORES,-5.17528,-80.61654,DIFERIDO
100105,PORCULLA,-5.83964,-79.50572,DIFERIDO
105024,HACIENDA SHUMAYA,-5.36492,-79.36056,DIFERIDO
105023,TULUCE,-5.47718,-79.34742,DIFERIDO
220509,SONDORILLO,-5.33922,-79.41575,DIFERIDO
105015,HACIENDA BIGOTE,-5.3209,-79.7857,DIFERIDO
104044,ALAMOR,-4.47749,-80.3979,DIFERIDO
200322,ALAMOR,-4.47401,-80.39915,DIFERIDO
104014,PANANGA,-4.51556,-80.73945,DIFERIDO
270500,MUELLE LAGO,-15.83361,-70.01694,DIFERIDO
114040,PROGRESO,-14.6717,-70.3678,DIFERIDO
116060,DESAGUADERO,-16.56327,-69.03682,DIFERIDO
116075,CALLACAME,-16.57225,-69.31697,DIFERIDO
117041,CAPAZO,-17.1827,-69.7391,DIFERIDO
115053,COJATA,-15.0118,-69.3612,DIFERIDO
270200,RAMIS,-15.2558,-69.8739,DIFERIDO
115047,TARACO,-15.31167,-69.97247,DIFERIDO
115140,SANTA LUCIA,-15.6941,-70.5993,DIFERIDO
210103,PUENTE AYAVIRI,-14.89249,-70.58544,DIFERIDO
114047,SANTA ROSA,-14.6178,-70.79278,DIFERIDO
114035,CHUQUIBAMBILLA,-14.7879,-70.7285,DIFERIDO
100065,ISLA SOTO,-15.56221,-69.48898,DIFERIDO
115138,JULIACA,-15.4441,-70.2078,DIFERIDO
210406,PUENTE ISLA CABANILLAS,-15.4718,-70.224,DIFERIDO
210405,LAMPA,-15.4437,-70.2092,DIFERIDO
114096,CUYO CUYO,-14.4888,-69.55,DIFERIDO
114049,LIMBANI,-14.1397,-69.687,DIFERIDO
260501,LIMBANI,-14.1481,-69.6902,DIFERIDO
114043,TAMBOPATA,-14.22529,-69.16178,DIFERIDO
116009,ISLA SUANA,-16.3299,-68.85034,DIFERIDO
107069,JOSE OLAYA,-7.40711,-76.41389,DIFERIDO
107095,CUZCO-BIAVO,-7.25442,-76.4771,DIFERIDO
221804,BIAVO,-7.25497,-76.47778,DIFERIDO
107013,LA UNION,-7.16319,-76.49275,DIFERIDO
107089,NUEVO LIMA,-7.09628,-76.47233,DIFERIDO
106094,CUÑUMBUQUE,-6.50825,-76.48075,DIFERIDO
106115,SHANAO,-6.41312,-76.60028,DIFERIDO
221802,SHANAO,-6.41291,-76.60001,DIFERIDO
110127,PACAYZAPA,-6.2818,-76.76171,DIFERIDO
107101,HUAYABAMBA,-7.26356,-76.73494,DIFERIDO
100019,CAMPANILLA,-7.48434,-76.65311,DIFERIDO
106095,PICOTA,-6.91989,-76.33022,DIFERIDO
105103,NARANJILLO,-5.80964,-77.39264,DIFERIDO
106112,PELEJO,-6.21531,-75.8025,DIFERIDO
106110,PUCALLPA - HUIMBAYOC,-6.45278,-75.84556,DIFERIDO
221801,CUMBAZA,-6.47251,-76.38199,DIFERIDO
106096,SAN ANTONIO,-6.41274,-76.4072,DIFERIDO
215000,CANAL UCHUSUMA,-17.5807,-69.6264,DIFERIDO
100016,BOCATOMA,-17.5802,-69.62672,DIFERIDO
117043,PAUCARANI,-17.53291,-69.78039,DIFERIDO
117030,CAIRANI,-17.28121,-70.36269,DIFERIDO
117054,ARICOTA,-17.32913,-70.23731,DIFERIDO
117060,CHUAPALCA ALTERNATIVA ALTA,-17.28727,-69.6435,DIFERIDO
270900,CHUAPALCA,-17.2981,-69.6468,DIFERIDO
117049,LA FRONTERA,-17.3824,-69.4864,DIFERIDO
117013,CHUAPALCA,-17.3088,-69.6618,DIFERIDO
117039,TALABAYA,-17.5526,-69.9868,DIFERIDO
117014,VILACOTA,-17.07906,-70.04302,DIFERIDO
211705,VILACOTA,-17.0786,-70.0424,DIFERIDO
103043,CABO INGA,-3.97594,-80.40182,DIFERIDO
103041,EL SALTO,-3.45171,-80.2802,DIFERIDO
103008,MATAPALO,-3.68277,-80.19857,DIFERIDO
108021,PUCALLPA,-8.41323,-74.57185,DIFERIDO
108027,EL MARONAL,-8.44999,-75.09681,DIFERIDO
113153,LETRAYOC,-13.65773,-75.74496,DIFERIDO
113009,HUANCANO,-13.60118,-75.62102,DIFERIDO
111174,ACOPALCA,-11.9873,-75.1035,DIFERIDO
250502,CHIRANI,-10.86167,-75.00632,DIFERIDO
110143,CHIRANI,-10.86167,-75.00632,DIFERIDO
111039,PUERTO OCOPA,-11.1467,-74.3051,DIFERIDO
111070,CARHUACAYAN,-11.20267,-76.28505,DIFERIDO
230801,RIO PALLANGA,-11.1865,-76.32569,DIFERIDO
230803,RUMICHACA,-11.69886,-76.10639,DIFERIDO
111099,YAULI,-11.66667,-76.08333,DIFERIDO
108043,JULCAN,-8.04229,-78.48607,DIFERIDO
107059,SINSICAP,-7.85021,-78.75503,DIFERIDO
211004,PUENTE COINA,-7.79636,-78.38012,DIFERIDO
100136,TALLA (GUADALUPE),-7.28005,-79.4191,DIFERIDO
107092,HUANGACOCHA,-7.9375,-78.0681,DIFERIDO
220204,LAGUNA HUANGACOCHA,-7.9325,-78.06705,DIFERIDO
108046,MOLLEPATA,-8.19137,-77.95397,DIFERIDO
108048,HUACAMARCANGA,-8.1221,-78.2937,DIFERIDO
201717,HUACAMARCANGA,-8.1081,-78.2876,DIFERIDO
108044,QUIRUVILCA,-8.00422,-78.30791,DIFERIDO
211002,PUENTE PALMIRA,-7.54919,-78.81051,DIFERIDO
211003,EL TAMBO,-7.57398,-78.70655,DIFERIDO
106049,TINAJONES,-6.65493,-79.4279,DIFERIDO
106037,INCAHUASI,-6.23389,-79.31806,DIFERIDO
106060,CUEVA BLANCA,-6.1313,-79.4045,DIFERIDO
106120,PUCHACA,-6.37361,-79.46951,DIFERIDO
200801,PUCHACA,-6.37317,-79.46697,DIFERIDO
105122,CERRO DE ARENA,-5.92461,-80.20463,DIFERIDO
105121,PASAJE SUR,-5.91741,-79.97184,DIFERIDO
106057,CUTERVO,-6.37964,-78.80512,REAL
221106,LLAUCANO CORELLAMA,-6.68656,-78.51823,REAL
100015,BAMBAMARCA,-6.67655,-78.51834,REAL
105067,JAEN,-5.67664,-78.77416,REAL
105062,LA CASCARILLA,-5.67175,-78.89767,REAL
105065,CHONTALI,-5.64389,-79.09,REAL
105053,SALLIQUE,-5.65886,-79.31264,REAL
105058,SAN IGNACIO,-5.14708,-78.99512,REAL
105074,CHIRINOS,-5.3085,-78.89759,REAL
105107,NAMBALLE,-4.99953,-79.08862,REAL
105056,TABACONAS,-5.31515,-79.28488,REAL
107006,SAN MARCOS,-7.32249,-78.1727,REAL
107038,SONDOR-MATARA,-7.23687,-78.21262,REAL
106038,SAN MIGUEL,-6.99684,-78.85308,REAL
106039,QUILCATE,-6.82275,-78.744,REAL
106019,LLAPA,-6.97833,-78.81119,REAL
100092,NIEPOS,-6.92511,-79.12902,REAL
107036,SAN PABLO,-7.11775,-78.83083,REAL
106056,SANTA CRUZ,-6.61657,-78.94761,REAL
106068,UDIMA,-6.81474,-79.09377,REAL
100044,GRANJA KAYRA,-13.55675,-71.87517,REAL
114046,POMACANCHI,-14.02781,-71.57258,REAL
230503,PUENTE CUNYAC,-13.563,-72.5752,REAL
113035,ANTA ANCACHURO,-13.47242,-72.21876,REAL
100101,PISAC,-13.41951,-71.85087,REAL
250303,PISAC,-13.4226,-71.8539,REAL
112154,QUEBRADA YANATILE,-12.6788,-72.2785,REAL
114033,SICUANI,-14.23736,-71.2367,REAL
250308,SALCCA,-14.16963,-71.23172,REAL
114030,SANTO TOMAS,-14.39878,-72.08774,REAL
113037,PARURO,-13.76698,-71.8447,REAL
250405,PAUCARTAMBO,-13.3177,-71.5974,REAL
100100,PAUCARTAMBO,-13.30347,-71.59668,REAL
113122,CAICAY,-13.59999,-71.69581,REAL
250301,CHACLLABAMBA,-13.10677,-71.7203,REAL
100024,CHALLABAMBA,-13.21754,-71.64938,REAL
113116,COLQUEPATA,-13.36313,-71.67336,REAL
100114,QUINCEMIL,-13.22893,-70.7544,REAL
113041,CCATCCA,-13.60988,-71.5601,REAL
113034,URUBAMBA,-13.30517,-72.12455,REAL
113031,MACHU PICCHU,-13.16655,-72.54585,REAL
112060,PILCHACA,-12.39939,-75.08412,REAL
112067,ACOBAMBA,-12.84361,-74.5616,REAL
112065,LIRCAY,-12.9815,-74.7181,REAL
213502,CHALLACA,-13.78333,-75.4,REAL
112051,ACOSTAMBO,-12.36079,-75.05725,REAL
112012,PAMPAS,-12.40203,-74.88414,REAL
112163,COLCABAMBA,-12.415,-74.6835,REAL
100120,SALCABAMBA,-12.204,-74.7794,REAL
100020,CANCHAN,-9.92095,-76.30962,REAL
221811,PUENTE HIGUERAS,-9.9222,-76.30938,REAL
109003,HUANUCO,-9.95201,-76.24856,REAL
109020,CARPISH,-9.70568,-76.09424,REAL
221309,SAN RAFAEL,-10.3399,-76.1824,REAL
110025,SAN RAFAEL,-10.32926,-76.17658,REAL
109077,DOS DE MAYO,-9.7171,-76.77374,REAL
109027,TINGO MARIA,-9.31016,-76.00049,REAL
221820,TINGO MARIA,-9.29601,-76.00207,REAL
108025,LA DIVISORIA,-9.20091,-75.81393,REAL
108033,AUCAYACU,-8.92987,-76.11171,REAL
109028,TULUMAYO,-9.14706,-76.00944,REAL
109021,CHAGLLA,-9.85008,-75.90706,REAL
231101,PUERTO INCA,-9.38271,-74.96792,REAL
109032,PUERTO INCA,-9.3851,-74.96376,REAL
108034,TOURNAVISTA,-8.92749,-74.70882,REAL
109022,JACAS CHICO,-9.88474,-76.50094,REAL
113058,TACAMA,-13.99978,-75.72052,REAL
114020,OCUCAJE,-14.37844,-75.68208,REAL
114008,SAN CAMILO,-14.07331,-75.71101,REAL
213500,LOS MOLINOS (ALEJANDRO PLAZA GARCIA),-13.92475,-75.67869,REAL
113010,HUAMANI,-13.843,-75.60704,REAL
100043,FONAGRO (CHINCHA),-13.45781,-76.13425,REAL
113081,SAN JUAN DE YANAC,-13.21058,-75.78697,REAL
113061,SAN PEDRO DE HUACARPANA,-13.0479,-75.6464,REAL
230712,HUALLPOCA,-14.63201,-74.95588,REAL
114018,COPARA,-14.97501,-74.89082,REAL
114021,PALPA,-14.54939,-75.18926,REAL
115029,IMATA,-15.84266,-71.09062,REAL
115024,SIBAYO,-15.4892,-71.45696,REAL
115020,CHUQUIBAMBA,-15.84602,-72.65065,REAL
115043,SALAMANCA,-15.50294,-72.83202,REAL
204905,LA PASCANA,-16.99936,-71.63879,REAL
117005,PAMPA BLANCA,-17.0716,-71.7245,REAL
115019,COTAHUASI,-15.21134,-72.89325,REAL
251001,MARCELINO SERNA (PAMPAS),-13.43453,-73.82791,REAL
112069,WAYLLAPAMPA,-13.0765,-74.21651,REAL
113021,LA QUINUA,-13.05548,-74.14159,REAL
100127,SAN PEDRO DE CACHI,-13.08742,-74.39067,REAL
114023,PUQUIO,-14.69928,-74.1316,REAL
114055,HUAC-HUAS,-14.1324,-74.941,REAL
213600,LLAUTA,-14.23998,-74.92135,REAL
115015,CORACORA,-15.01194,-73.77945,REAL
115017,PAUZA,-15.2753,-73.3411,REAL
114044,PAUCARAY,-14.0439,-73.6386,REAL
113022,HUANCAPI,-13.749,-74.0681,REAL
113100,VILCASHUAMAN,-13.66882,-73.95238,REAL
220213,MASHCON,-7.165,-78.47833,REAL
107002,GRANJA PORCON,-7.03753,-78.6334,REAL
107028,AUGUSTO WEBERBAUER,-7.1675,-78.49309,REAL
107018,ASUNCION,-7.32604,-78.51582,REAL
100037,COSPAN,-7.42857,-78.54106,REAL
107093,LA ENCAÑADA,-7.12327,-78.33314,REAL
220205,JESUS TUNEL,-7.22064,-78.40376,REAL
107016,JESUS,-7.2457,-78.38841,REAL
107017,MAGDALENA,-7.25346,-78.65261,REAL
220206,NAMORA BOCATOMA,-7.24262,-78.29472,REAL
107037,NAMORA,-7.2006,-78.32782,REAL
107005,SAN JUAN,-7.29756,-78.49106,REAL
107008,CAJABAMBA,-7.62166,-78.05131,REAL
107068,CACHACHI,-7.45106,-78.26855,REAL
220201,PUENTE CRISNEJAS,-7.46354,-78.11313,REAL
106010,CELENDIN,-6.85292,-78.14485,REAL
221303,BALZAS,-6.84465,-78.03024,REAL
106034,CHOTA,-6.54713,-78.64863,REAL
106058,COCHABAMBA,-6.46009,-78.8886,REAL
106054,HUAMBOS,-6.45368,-78.96315,REAL
220611,CHOTANO LAJAS,-6.55972,-78.74111,REAL
106053,LLAMA,-6.51443,-79.12262,REAL
106061,TOCMOCHE,-6.4101,-79.3557,REAL
107052,CONTUMAZA,-7.36521,-78.82273,REAL
201207,PUENTE CHILETE,-7.21969,-78.83799,REAL
107058,CHILETE,-7.21968,-78.83799,REAL
107057,SAN BENITO,-7.42819,-78.92673,REAL
110016,HUARMEY,-10.06812,-78.16232,REAL
109038,MALVAS,-9.92723,-77.65519,REAL
108103,PISCOBAMBA II,-8.87045,-77.35072,REAL
108064,CABANA,-8.39058,-78.00461,REAL
108017,POMABAMBA,-8.8217,-77.45733,REAL
109017,RECUAY,-9.72919,-77.45365,REAL
106011,CHACHAPOYAS,-6.2083,-77.86712,REAL
105075,ARAMANGO,-5.41994,-78.43553,REAL
105079,JAZAN,-5.94485,-77.97569,REAL
221501,LOS NARANJOS,-5.75568,-78.43154,REAL
105068,BAGUA CHICA,-5.66148,-78.53396,REAL
105042,JAMALCA,-5.8927,-78.2339,REAL
109046,CAJAMARQUILLA,-9.63204,-77.74136,REAL
109040,PARIACOTO,-9.55239,-77.88761,REAL
109016,AIJA,-9.78164,-77.60674,REAL
110018,CHIQUIAN,-10.14763,-77.15949,REAL
109019,CHAVIN,-9.58598,-77.17526,REAL
110039,CHAMANA,-10.20739,-77.55872,REAL
108047,SIHUAS,-8.56667,-77.65,REAL
109018,YUNGAY,-9.14189,-77.74998,REAL
113029,CURAHUASI,-13.55253,-72.73487,REAL
113225,GRANJA SAN ANTONIO,-13.6049,-72.8569,REAL
113025,ANDAHUAYLAS,-13.64863,-73.36679,REAL
114117,AYMARAES,-14.29056,-73.25168,REAL
113059,TAMBOBAMBA,-13.94492,-72.17522,REAL
113138,PAMPAS,-13.43488,-73.82427,REAL
114108,CURPAHUASI,-14.0628,-72.6669,REAL
116017,LA PAMPILLA,-16.4138,-71.53453,REAL
116020,CHIGUATA,-16.40644,-71.40913,REAL
116003,HUASACACHE,-16.45774,-71.56635,REAL
204708,TINGO GRANDE,-16.45992,-71.57431,REAL
204707,PUENTE DEL DIABLO,-16.42679,-71.67503,REAL
116005,LA JOYA,-16.58359,-71.92464,REAL
204621,HACIENDA PAMPATA,-16.54193,-72.69957,REAL
204504,OCOÑA,-16.427,-73.1145,REAL
116013,CAMANA,-16.64395,-72.70432,REAL
115018,CARAVELI,-15.77568,-73.36259,REAL
116011,PUNTA ATICO,-16.2317,-73.6964,REAL
100026,CHAPARRA,-15.74765,-73.87089,REAL
115133,LOMAS,-15.57119,-74.8503,REAL
204617,HUATIAPA,-16.00806,-72.48355,REAL
116014,APLAO,-16.07288,-72.49226,REAL
115085,ANDAGUA,-15.5009,-72.3551,REAL
115089,CHOCO,-15.5771,-72.1296,REAL
115129,MACHAHUAY,-15.65321,-72.50322,REAL
115086,ORCOPAMPA,-15.2639,-72.341,REAL
115021,PAMPACOLCA,-15.7167,-72.5683,REAL
115025,CHIVAY,-15.64163,-71.60169,REAL
115041,CABANACONDE,-15.6226,-71.97409,REAL
115022,CAYLLOMA,-15.18882,-71.77019,REAL
115090,HUAMBO,-15.73201,-72.10693,REAL
116058,HUANCA,-16.03458,-71.88108,REAL
110019,CAJATAMBO,-10.47788,-76.98971,REAL
111026,CANTA,-11.47121,-76.62569,REAL
202802,OBRAJILLO,-11.45293,-76.62217,REAL
111151,PUENTE MAGDALENA,-11.69463,-76.83719,REAL
203101,LA CAPILLA,-12.52194,-76.49637,REAL
113140,SOCSI CAÑETE,-13.03051,-76.20027,REAL
203302,SOCSI,-13.0283,-76.19453,REAL
112058,PACARAN,-12.86689,-76.05793,REAL
203303,PACARAN,-12.86096,-76.05479,REAL
111022,HUAYAN,-11.45281,-77.122,REAL
202701,SANTO DOMINGO,-11.37009,-77.02823,REAL
116006,PAMPA DE MAJES,-16.3357,-72.1525,REAL
112061,HUANCAVELICA,-12.7715,-75.0124,REAL
103046,PUERTO ALMENDRA,-3.8286,-73.377,REAL
118002,LA YARADA,-18.2107,-70.5259,REAL
111027,MATUCANA,-11.83913,-76.37792,REAL
203003,ANTAPUCRO,-12.0314,-76.62437,REAL
202904,RIO BLANCO,-11.7345,-76.25938,REAL
112055,HUAROCHIRI,-12.13886,-76.23429,REAL
112126,SAN LAZARO DE ESCOMARCA,-12.18088,-76.35207,REAL
111175,SAN MATEO DE HUANCHOR,-11.76017,-76.301,REAL
202905,SAN MATEO,-11.76012,-76.30111,REAL
111086,SANTA EULALIA,-11.92,-76.66664,REAL
202930,SANTA EULALIA,-11.91984,-76.66678,REAL
111163,UNJF SANCHEZ CARRION - HUACHO,-11.12386,-77.60603,REAL
111018,LOMAS DE LACHAY,-11.36014,-77.36839,REAL
111004,ALCANTARILLA,-11.06068,-77.55011,REAL
110021,PICOY,-10.92162,-76.73701,REAL
202607,PICOY,-10.92164,-76.7367,REAL
212301,SAYAN,-11.13476,-77.19832,REAL
110017,CAMAY,-10.91294,-77.6489,REAL
112057,YAUYOS,-12.49173,-75.91039,REAL
112134,HUANGASCAR,-12.89858,-75.83365,REAL
103049,TAMSHIYACU,-4.00356,-73.16112,REAL
240103,TAMSHIYACU,-4.00316,-73.1614,REAL
103024,FRANCISCO ORELLANA,-3.42333,-72.76667,REAL
103044,MAZAN,-3.48817,-73.08182,REAL
103015,PUNCHANA,-3.6903,-73.2556,REAL
100128,SAN RAMON,-5.93559,-76.11813,REAL
104057,SAN LORENZO,-4.82954,-76.55477,REAL
220108,SAN LORENZO,-4.8322,-76.5554,REAL
230603,LAGUNAS,-5.2171,-75.6679,REAL
104056,NAUTA,-4.51336,-73.58375,REAL
103031,CABALLOCOCHA,-3.9112,-70.5119,REAL
103054,PEBAS,-3.3188,-71.8588,REAL
104071,GENARO HERRERA,-4.91003,-73.66944,REAL
100109,PUERTO MALDONADO,-12.5873,-69.2088,REAL
110129,IÑAPARI,-10.95589,-69.578,REAL
117002,MOQUEGUA,-17.17875,-70.93269,REAL
116025,CARUMAS,-16.8115,-70.6954,REAL
116051,CALACOA,-16.73988,-70.68765,REAL
100150,YACANGO,-17.09078,-70.86699,REAL
204804,TUMILACA,-17.12838,-70.83689,REAL
116023,OMATE,-16.67531,-70.97925,REAL
116021,PUQUINA,-16.62978,-71.18476,REAL
116049,QUINISTAQUILLAS,-16.74971,-70.87858,REAL
100142,UBINAS,-16.3888,-70.8541,REAL
117008,PUNTA COLES,-17.69862,-71.37331,REAL
117007,ILO,-17.62381,-71.27188,REAL
110037,CERRO DE PASCO,-10.69341,-76.26421,REAL
110007,YANAHUANCA,-10.4896,-76.5129,REAL
110028,OXAPAMPA,-10.5642,-75.4184,REAL
105063,SAN MIGUEL,-5.2462,-80.68436,REAL
104084,PARTIDOR,-4.73197,-80.27982,REAL
104058,AYABACA,-4.63776,-79.71077,REAL
104097,ALTO DE POCLUS,-4.9169,-79.89047,REAL
104019,SAPILLICA,-4.77817,-79.98178,REAL
105055,HUANCABAMBA,-5.24681,-79.45399,REAL
105096,SALALA,-5.11153,-79.46349,REAL
105064,HUARMACA,-5.56479,-79.51975,REAL
105022,SONDORILLO,-5.3398,-79.43137,REAL
105070,CHULUCANAS,-5.10843,-80.16956,REAL
105016,CHALACO,-5.03865,-79.79168,REAL
105013,EL VIRREY,-5.5337,-79.98233,REAL
100126,SAN PEDRO,-5.07954,-80.01621,REAL
200415,SAN PEDRO,-5.0796,-80.01624,REAL
105106,MORROPON,-5.19465,-79.97107,REAL
108007,MALACASI,-5.33977,-79.85794,REAL
100131,SANTO DOMINGO,-5.03825,-79.87049,REAL
104090,LA ESPERANZA,-4.92114,-81.05969,REAL
104016,LANCONES,-4.64288,-80.54717,REAL
104079,MALLARES,-4.85574,-80.73556,REAL
104080,EL ALTO,-4.26198,-81.21815,REAL
105105,CHUSIS,-5.52756,-80.81275,REAL
105012,BERNAL,-5.4545,-80.74262,REAL
100110,PUNO,-15.82625,-70.01208,REAL
100088,LOS UROS,-15.82039,-69.97413,REAL
115052,RINCON DE LA CRUZ,-15.99017,-69.80961,REAL
115049,ISLA TAQUILE,-15.77019,-69.69107,REAL
100021,CAPACHICA,-15.61344,-69.84222,REAL
115051,MAÑAZO,-15.79944,-70.33949,REAL
116033,LARAQUERI,-16.13599,-70.04587,REAL
114041,AZANGARO,-14.9172,-70.19046,REAL
210102,PUENTE  AZANGARO,-14.91975,-70.18936,REAL
115035,ARAPA,-15.1786,-70.109,REAL
114042,MUÑANI,-14.76694,-69.95181,REAL
114039,MACUSANI,-14.06674,-70.42205,REAL
114058,CRUCERO,-14.36419,-70.02592,REAL
113119,SAN GABAN,-13.4609,-70.41,REAL
116061,JULI,-16.20378,-69.45992,REAL
270700,PUENTE INTERNACIONAL DESAGUADERO,-16.5638,-69.0363,REAL
210502,PUENTE YOROHOCO CALLACAME,-16.57065,-69.32278,REAL
116029,PIZACOMA,-16.9043,-69.3695,REAL
270503,ZAPATILLA,-16.1386,-69.5787,REAL
210301,PUENTE ILAVE,-16.0882,-69.6317,REAL
116027,ILAVE,-16.05994,-69.64039,REAL
116026,MAZO CRUZ,-16.73888,-69.71544,REAL
115037,HUANCANE,-15.20687,-69.7583,REAL
210201,PUENTE CARRETERA HUANCANE,-15.21588,-69.79262,REAL
210101,PUENTE CARRETERA RAMIS,-15.2553,-69.8738,REAL
100081,LAMPA,-15.36109,-70.37415,REAL
115027,PAMPAHUTA,-15.4837,-70.676,REAL
115046,PUCARA,-15.04567,-70.36663,REAL
270300,RIO VERDE,-15.68427,-70.60002,REAL
115044,CRUCERO ALTO,-15.7643,-70.9113,REAL
114038,AYAVIRI,-14.8688,-70.5916,REAL
114034,LLALLY,-14.95286,-70.88052,REAL
115038,HUARAYA MOHO,-15.3881,-69.4842,REAL
114093,PUTINA,-14.921,-69.8757,REAL
114050,ANANEA,-14.6763,-69.5339,REAL
210407,PUENTE UNOCOLLA COATA,-15.45085,-70.19133,REAL
115033,CABANILLAS,-15.63911,-70.34661,REAL
106014,MOYOBAMBA,-6.04481,-76.96822,REAL
106088,JEPELACIO,-6.11275,-76.90761,REAL
106083,SORITOR,-6.142,-77.09179,REAL
107012,BELLAVISTA,-7.05517,-76.55836,REAL
106091,SAN PABLO,-6.80956,-76.57625,REAL
106092,ALAO,-6.517,-76.73806,REAL
106032,SAPOSOA,-6.94313,-76.76823,REAL
106016,LAMAS,-6.41874,-76.52794,REAL
100104,PONGO DE CAYNARACHI,-6.33047,-76.28175,REAL
106043,TABALOSOS,-6.39533,-76.62533,REAL
230504,HUAYABAMBA,-7.26871,-76.73701,REAL
107010,PACHIZA,-7.29322,-76.77092,REAL
230715,PICOTA,-6.91949,-76.3272,REAL
106098,PILLUANA,-6.77631,-76.29056,REAL
107091,SHAMBOYACU,-7.0223,-76.12911,REAL
221813,SHAMBOYACU,-7.02302,-76.12952,REAL
106119,TINGO DE PONAZA,-6.93722,-76.25267,REAL
106013,RIOJA,-6.04728,-77.17197,REAL
100138,TARAPOTO,-6.47597,-76.37039,REAL
106101,CHAZUTA,-6.57119,-76.1315,REAL
106040,EL PORVENIR,-6.58903,-76.31825,REAL
230700,PUENTE TOCACHE,-8.18475,-76.50789,REAL
100137,TANANTA,-8.11524,-76.58049,REAL
118004,JORGE BASADRE,-18.02689,-70.25153,REAL
117003,CALANA,-17.97458,-70.1932,REAL
214901,CORUCA,-17.63312,-70.45456,REAL
117018,SAMA GRANDE,-17.78758,-70.48962,REAL
117015,CALIENTES,-17.884,-70.1425,REAL
117037,PALCA,-17.77795,-69.95864,REAL
117019,CANDARAVE,-17.26776,-70.25537,REAL
205010,LOCUMBA,-17.6179,-70.761,REAL
117016,ILABAYA,-17.41783,-70.51281,REAL
117012,ITE,-17.86008,-70.95169,REAL
117020,TARATA,-17.47935,-70.03663,REAL
117033,SUSAPAYA,-17.34771,-70.13472,REAL
103038,PUERTO PIZARRO,-3.5038,-80.39504,REAL
100072,LA CRUZ,-3.62829,-80.56927,REAL
200202,EL TIGRE,-3.76848,-80.45685,REAL
103036,RICA PLAYA,-3.8119,-80.50546,REAL
103042,CAÑAVERAL,-3.9391,-80.65058,REAL
103040,PAPAYAL,-3.56732,-80.23324,REAL
108028,AGUAYTIA,-9.04225,-75.50624,REAL
231201,PUENTE AGUAYTIA,-9.03738,-75.50449,REAL
100121,SAN ALEJANDRO,-8.83444,-75.21639,REAL
250103,SAN ALEJANDRO,-8.83091,-75.21281,REAL
114006,RIO GRANDE,-14.52648,-75.21306,REAL
114066,PAMPA BLANCA,-14.23731,-75.10407,REAL
203601,LETRAYOC,-13.65773,-75.74496,REAL
100046,HACIENDA BERNALES,-13.74114,-75.96641,REAL
112083,SANTA ANA,-12.00955,-75.22158,REAL
230931,PUENTE BREÑA,-12.05216,-75.24051,REAL
112037,VIQUES,-12.15603,-75.2283,REAL
100119,RUNATULLO,-11.61812,-75.01224,REAL
111031,COMAS,-11.74794,-75.13012,REAL
111097,INGENIO,-11.87521,-75.29665,REAL
110008,PICHANAKI,-10.93352,-74.86681,REAL
250501,RIO TULUMAYO,-11.2091,-75.3348,REAL
111095,RICRAN,-11.54,-75.5273,REAL
111005,JAUJA,-11.78663,-75.48687,REAL
111583,JUNIN,-11.14328,-75.98878,REAL
111038,SATIPO,-11.2247,-74.6087,REAL
111029,TARMA,-11.3967,-75.6899,REAL
111030,HUASAHUASI,-11.2677,-75.6391,REAL
111076,YANTAC,-11.34583,-76.40453,REAL
111046,LA OROYA,-11.57177,-75.95762,REAL
112056,HUAYAO,-12.0402,-75.32049,REAL
112028,SAN JUAN DE JARPA,-12.12454,-75.43178,REAL
112059,LAIVE,-12.25229,-75.36053,REAL
108068,TRUJILLO,-8.11203,-78.9851,REAL
100028,CHERREPE,-7.11887,-79.56118,REAL
107054,CALLANCAS,-7.76747,-78.47727,REAL
108001,SALPO,-8.00535,-78.6071,REAL
107009,HUAMACHUCO,-7.81916,-78.04013,REAL
108045,CACHICADAN,-8.09184,-78.14938,REAL
106046,REQUE,-6.88613,-79.8355,REAL
106109,OYOTUN,-6.86394,-79.32062,REAL
106036,SIPAN,-6.80141,-79.60002,REAL
106042,CAYALTI,-6.8808,-79.547,REAL
106047,JAYANCA,-6.33159,-79.76869,REAL
105076,PASABAR,-5.83722,-79.81908,REAL
106108,LAMBAYEQUE,-6.73438,-79.90894,REAL
112171,CAMPO DE MARTE,-12.07053,-77.04317,REAL
111060,CHOSICA,-11.92986,-76.68975,REAL
202906,CHOSICA,-11.92983,-76.68973,REAL
111023,ÑAÑA,-11.98744,-76.84194,REAL
202910,PUENTE HUACHIPA,-12.01281,-76.89441,REAL
4726E508,YONAN GORE,-7.25592,-79.09909,AUTOMATICA
4726A602,CUTERVO,-6.37914,-78.81339,AUTOMATICA
47E1F02E,TUNEL CHOTANO,-6.54049,-78.78432,AUTOMATICA
472B3006,CUMBA,-5.94135,-78.66413,AUTOMATICA
472680EE,BAMBAMARCA M,-6.67981,-78.52346,AUTOMATICA
4726D092,BAMBAMARCA H,-6.66975,-78.54119,AUTOMATICA
4727F484,CHUGUR,-6.66878,-78.738,AUTOMATICA
47269398,JAEN,-5.67667,-78.77418,AUTOMATICA
221008,CACAO,-5.88406,-78.96256,AUTOMATICA
105136,SAUZAL,-5.77168,-79.39769,AUTOMATICA
472A571A,HUALLAPE,-5.45077,-78.69579,AUTOMATICA
4725E206,SAN MARCOS,-7.32249,-78.17269,AUTOMATICA
47E207A4,TONGOD,-6.74456,-78.81392,AUTOMATICA
47E1C5B4,CAÑAD,-6.64934,-78.99733,AUTOMATICA
4724D566,CIRATO,-6.65583,-79.07384,AUTOMATICA
47E1E358,PUENTE AMBAN,-6.58271,-78.91262,AUTOMATICA
47E3055E,CHANCAY BAÑOS,-6.57489,-78.86721,AUTOMATICA
114132,POMACANCHI,-14.0278,-71.5726,AUTOMATICA
47294362,SORAYPAMPA,-13.3955,-72.5736,AUTOMATICA
113252,ANCACHURO,-13.4724,-72.2188,AUTOMATICA
472976F8,CALCA,-13.33333,-71.95524,AUTOMATICA
472A6280,NUEVO PISAC,-13.42264,-71.85388,AUTOMATICA
114125,SAUSAYA,-14.52931,-71.35831,AUTOMATICA
114126,PAYAPUNKU,-14.4261,-71.28145,AUTOMATICA
4726158C,SICUANI,-14.23736,-71.23669,AUTOMATICA
47E8B578,SIBINACOCHA,-13.92214,-71.01823,AUTOMATICA
472E025C,QUISOQUEPINA,-13.79505,-70.88622,AUTOMATICA
114118,SALCCA,-14.16991,-71.23186,AUTOMATICA
114123,MARCA CUNKA,-14.49847,-72.08952,AUTOMATICA
4729A090,SANTO TOMAS,-14.44896,-72.09645,AUTOMATICA
114124,HUAYHUAHUASI,-14.67242,-71.51991,AUTOMATICA
112264,PONGO DE MAINIQUE,-12.24986,-72.82447,AUTOMATICA
4729658E,SAN PABLO,-13.02506,-72.61988,AUTOMATICA
47E880E2,PICHARI,-12.52296,-73.83956,AUTOMATICA
210007,PAUCARTAMBO,-13.3177,-71.59741,AUTOMATICA
4722A338,ACJANACO,-13.19672,-71.61941,AUTOMATICA
113254,QUINCEMIL,-13.2289,-70.7544,AUTOMATICA
113247,ASHANAKU,-13.58048,-71.58878,AUTOMATICA
113255,URUBAMBA,-13.3052,-72.1246,AUTOMATICA
4729867C,QORIHUAYRACHINA,-13.22419,-72.43383,AUTOMATICA
472935F2,INTIHUATANA H,-13.18517,-72.52319,AUTOMATICA
472897F0,MACHUPICCHU,-13.16655,-72.54585,AUTOMATICA
472852EE,INTIHUATANA M,-13.17418,-72.56036,AUTOMATICA
4727C11E,HUAYLLABAMBA,-13.26581,-72.44881,AUTOMATICA
4729950A,PACAYMAYO,-13.23419,-72.49841,AUTOMATICA
472A9204,CHILCA,-13.2235,-72.34056,AUTOMATICA
4720CDF8,COCHAMARCA,-12.99,-75.51019,AUTOMATICA
47292684,HUACHOS,-13.21667,-75.53333,AUTOMATICA
47284198,CHALLACA,-13.7898,-75.417,AUTOMATICA
4728F216,CORDOVA,-14.03333,-75.16667,AUTOMATICA
4728C78C,CUSICANCHA,-13.48333,-75.3,AUTOMATICA
472811E4,CHALLACA M,-13.7905,-75.3821,AUTOMATICA
4729131E,SANTIAGO DE CHOCORVOS,-13.83333,-75.25,AUTOMATICA
112269,COCHABAMBA GRANDE,-12.19238,-74.51493,AUTOMATICA
472D0552,CHINCHAVITO,-9.515,-75.9425,AUTOMATICA
472B730C,PUENTE TARUCA,-9.85056,-76.1519,AUTOMATICA
110146,QUISCA,-10.08922,-76.21556,AUTOMATICA
4720EB14,SAN MARTIN,-9.40385,-76.76482,AUTOMATICA
47E845FC,CACHICOTO,-9.21931,-76.21294,AUTOMATICA
472DA5AA,PUENTE BELLA,-9.32411,-76.02935,AUTOMATICA
47270400,TINGO MARIA,-9.29601,-76.00207,AUTOMATICA
472D1624,PUENTE PEREZ,-9.34694,-75.9825,AUTOMATICA
4727A4F8,PUERTO INCA,-9.3851,-74.96376,AUTOMATICA
110140,JESUS DE LAURICOCHA,-10.07819,-76.63119,AUTOMATICA
109094,PUCA PUCA,-9.87895,-76.5909,AUTOMATICA
213507,RAMADILLAS,-13.80857,-75.50129,AUTOMATICA
213506,LOS MOLINOS,-13.9102,-75.66696,AUTOMATICA
213503,HUAMANI EL TAMBO,-13.84386,-75.58944,AUTOMATICA
472A446C,BETA SANTIAGO,-14.23739,-75.67022,AUTOMATICA
4728A26A,CONTA M,-13.43936,-75.97517,AUTOMATICA
4728B11C,FONAGRO,-13.45944,-76.15167,AUTOMATICA
4728E160,SAN PEDRO DE HUACARPANA,-13.04889,-75.64806,AUTOMATICA
47283708,HUALLPOCA,-14.63201,-74.95588,AUTOMATICA
114136,PALPA,-14.54935,-75.18921,AUTOMATICA
47E3834A,IMATA,-15.84266,-71.09062,AUTOMATICA
47E373CE,PILLONES,-15.97861,-71.21333,AUTOMATICA
472ED434,SUMBAY,-15.81667,-71.11667,AUTOMATICA
47265686,SIBAYO,-15.49422,-71.4638,AUTOMATICA
47E8A60E,COTACOTA,-15.21331,-71.38955,AUTOMATICA
114119,VISCA VISCA,-14.7228,-71.9787,AUTOMATICA
115150,COROPUNA,-15.53597,-72.61056,AUTOMATICA
115151,CUYAU,-15.21794,-72.93564,AUTOMATICA
47280292,COTAHUASI,-15.21134,-72.89331,AUTOMATICA
4729D600,PAMPA CANGALLO,-13.56184,-74.19889,AUTOMATICA
113248,SANTA CRUZ DE HOSPICIO,-13.4383,-74.7993,AUTOMATICA
47290068,HUAC-HUAS,-14.12861,-74.94583,AUTOMATICA
114122,CCONTACC,-14.5423,-74.2642,AUTOMATICA
114127,PAMPA GALERAS,-14.66917,-74.40361,AUTOMATICA
114121,HURAY HUMA,-14.564,-73.5558,AUTOMATICA
115155,PAUZA,-15.275,-73.34083,AUTOMATICA
4725B27A,PAUCARAY,-14.04361,-73.63833,AUTOMATICA
472645F0,UNC CAJAMARCA,-7.16747,-78.49307,AUTOMATICA
4729F0EC,CAJABAMBA,-7.62167,-78.05111,AUTOMATICA
472A32FC,CRISNEJAS,-7.4639,-78.1131,AUTOMATICA
4726631C,CELENDIN,-6.85303,-78.14487,AUTOMATICA
472501F4,BALSAS,-6.84461,-78.03025,AUTOMATICA
4726C3E4,CHOTA,-6.55405,-78.67588,AUTOMATICA
47E94706,HUAMBOS,-6.45364,-78.96319,AUTOMATICA
47E1D6C2,PUENTE SAN CARLOS,-6.61515,-79.27136,AUTOMATICA
47E35522,LA MUCHALA,-6.47998,-79.22406,AUTOMATICA
472C92CA,CASCABAMBA,-7.38407,-78.72682,AUTOMATICA
4727470A,PUENTE CHILETE,-7.21968,-78.83798,AUTOMATICA
472C81BC,GUZMANGO,-7.38133,-78.9033,AUTOMATICA
109091,SAUCEPAMPA,-9.0309,-77.7763,AUTOMATICA
472182DA,PUENTE CAHUA,-10.60597,-77.34388,AUTOMATICA
47259496,RECUAY,-9.72919,-77.45365,AUTOMATICA
47E89394,PACHACOTO,-9.85243,-77.40607,AUTOMATICA
110138,SHAQUEK,-10.07116,-77.52504,AUTOMATICA
472C57D4,BAGUA,-5.66145,-78.53403,AUTOMATICA
472B607A,CORRAL QUEMADO,-5.75461,-78.69208,AUTOMATICA
472B2370,MAGUNCHAL,-5.88987,-78.18876,AUTOMATICA
220907,NARANJITO,-5.81968,-78.27598,AUTOMATICA
109096,BUENA VISTA,-9.43372,-78.20828,AUTOMATICA
4725A10C,CHAVIN,-9.58598,-77.17529,AUTOMATICA
211408,CONDORCERRO,-8.65793,-78.26172,AUTOMATICA
211601,SAN JACINTO,-9.141,-78.2023,AUTOMATICA
113253,CURAHUASI,-13.5526,-72.7349,AUTOMATICA
47263360,GRANJA SAN ANTONIO,-13.60492,-72.85693,AUTOMATICA
472B16EA,HUACULLO,-14.65289,-72.57275,AUTOMATICA
472A1410,CASACCANCHA,-13.98923,-72.29832,AUTOMATICA
250900,PUENTE PAMPAS GORE APU,-13.43493,-73.82737,AUTOMATICA
113246,TANCAYLLO,-13.63523,-73.69004,AUTOMATICA
116085,AREQUIPA UV,-16.4042,-71.55155,AUTOMATICA
116065,LA PAMPILLA,-16.41384,-71.53452,AUTOMATICA
116083,CAYMA,-16.31689,-71.57919,AUTOMATICA
472147C4,CHARCANI,-16.31086,-71.49511,AUTOMATICA
116077,CHIGUATA,-16.40645,-71.40914,AUTOMATICA
116079,HUASACACHE,-16.45774,-71.56635,AUTOMATICA
472EE1AE,TINGO GRANDE,-16.45992,-71.57431,AUTOMATICA
116082,SAN FRANCISCO,-16.38519,-71.49044,AUTOMATICA
116078,TUCTUMPAYA,-16.48827,-71.33463,AUTOMATICA
47E3B6D0,SAN JOSE DE UZUNA,-16.58103,-71.32836,AUTOMATICA
116086,LAS SALINAS,-16.32064,-71.15212,AUTOMATICA
4722E032,PUENTE DEL DIABLO,-16.42665,-71.67507,AUTOMATICA
47E26242,BOYADERO,-16.58989,-72.00886,AUTOMATICA
47E360B8,PATAHUASI,-16.05542,-71.41481,AUTOMATICA
116081,YURA,-16.30271,-71.62395,AUTOMATICA
47E27134,SOCOSANI,-16.25944,-71.72056,AUTOMATICA
116084,CAMANA,-16.64395,-72.70432,AUTOMATICA
472D23BE,OCOÑA,-16.427,-73.1145,AUTOMATICA
214400,HUATIAPA,-16.00806,-72.48355,AUTOMATICA
4723D752,CHIVAY,-15.64163,-71.60169,AUTOMATICA
47E3A5A6,HUANCA,-16.03458,-71.88108,AUTOMATICA
112265,SAN MARTIN DE PORRES,-12.00889,-77.08447,AUTOMATICA
112208,SANTA ANITA,-12.04302,-76.97144,AUTOMATICA
112281,LAS PALMAS,-12.15675,-77.01303,AUTOMATICA
112233,VILLA MARIA DEL TRIUNFO,-12.16639,-76.92,AUTOMATICA
4725F170,HUAROS,-11.40744,-76.57584,AUTOMATICA
212900,LA CAPILLA SENAMHI,-12.52183,-76.49658,AUTOMATICA
113249,CAÑETE,-13.07475,-76.33042,AUTOMATICA
472191AC,SOCSI,-13.02825,-76.1945,AUTOMATICA
47E214D2,SANTO DOMINGO,-11.37,-77.02833,AUTOMATICA
47E34654,PIRCA,-11.23284,-76.65514,AUTOMATICA
47E22148,PUENTE CALLANTAMA,-11.2989,-76.8518,AUTOMATICA
4729E39A,PAMPA DE MAJES,-16.33565,-72.15266,AUTOMATICA
472722EC,HUANCAVELICA,-12.77163,-75.01237,AUTOMATICA
103065,AMAZONAS,-3.76397,-73.25492,AUTOMATICA
47E257D8,VICHAYCOCHA,-11.13916,-76.62455,AUTOMATICA
47E330C4,SANTA CRUZ,-11.19827,-76.63487,AUTOMATICA
47E323B2,CARAC,-11.19005,-76.77937,AUTOMATICA
47E2323E,CUCHUANCA,-11.20158,-76.7881,AUTOMATICA
472CE45A,MATUCANA,-11.83911,-76.378,AUTOMATICA
212700,PUENTE ANTAPUCRO,-12.0333,-76.6333,AUTOMATICA
472D73C2,CASAPALCA,-11.638,-76.23325,AUTOMATICA
212605,SAN MATEO,-11.76012,-76.30111,AUTOMATICA
472EC742,SAN MATEO DE OTAO,-11.847,-76.56359,AUTOMATICA
472E24B0,SANTA EULALIA,-11.92,-76.66664,AUTOMATICA
472CA750,SANTIAGO DE TUNA,-11.9832,-76.5242,AUTOMATICA
110139,PICOY,-10.92159,-76.73703,AUTOMATICA
4724966C,SAYAN,-11.13472,-77.19833,AUTOMATICA
472364DC,CARANIA,-12.3444,-75.87215,AUTOMATICA
47252718,ENAPU PERU,-3.72722,-73.23694,AUTOMATICA
4727547C,CABALLOCOCHA,-3.91125,-70.51206,AUTOMATICA
47288486,PEBAS,-3.31791,-71.85962,AUTOMATICA
47287402,CONTAMANA,-7.35254,-75.00632,AUTOMATICA
260700,BILINGURSTH,-12.56083,-69.18949,AUTOMATICA
260403,CACHUELA,-12.60442,-69.18304,AUTOMATICA
260402,PUENTE HERRERA,-12.61361,-69.19413,AUTOMATICA
260002,TAMBOPATA,-12.5925,-69.17529,AUTOMATICA
112279,PUERTO MALDONADO,-12.5873,-69.2088,AUTOMATICA
47E8336C,MALINOWSKY,-12.93411,-69.5175,AUTOMATICA
47E8201A,SALVACION,-12.8312,-71.36446,AUTOMATICA
472587E0,IÑAPARI,-10.95589,-69.578,AUTOMATICA
4723F1BE,MOQUEGUA,-17.17874,-70.93267,AUTOMATICA
110137,12 DE OCTUBRE,-10.60641,-76.52927,AUTOMATICA
4725D79C,OXAPAMPA,-10.59417,-75.38417,AUTOMATICA
109093,PUERTO BERMUDEZ,-10.28619,-74.94356,AUTOMATICA
105112,MIRAFLORES,-5.17528,-80.61654,AUTOMATICA
104113,PARTIDOR,-4.73197,-80.27978,AUTOMATICA
47E0F2D4,LAGARTERA,-4.7285,-80.06956,AUTOMATICA
47E0E1A2,BOCATOMA CHIPILLICO,-4.7142,-80.11825,AUTOMATICA
47E0522C,TAMBO GRANDE,-4.93848,-80.34703,AUTOMATICA
47E281B0,HUALCUY,-4.74701,-79.60729,AUTOMATICA
104114,ALTO DE POCLUS,-4.91691,-79.89052,AUTOMATICA
472FC5B8,PAIMAS,-4.63439,-79.94581,AUTOMATICA
472FF022,SAPILLICA,-4.79639,-79.99972,AUTOMATICA
47E9177A,EL CIRUELO,-4.29899,-80.1673,AUTOMATICA
47E0C74E,PUENTE MACARA,-4.39338,-79.96412,AUTOMATICA
472FE354,HUANCABAMBA,-5.24681,-79.45399,AUTOMATICA
472761E6,HUARMACA,-5.56586,-79.52544,AUTOMATICA
472F86B2,CANCHAQUE,-5.40055,-79.6052,AUTOMATICA
47E0415A,PUENTE ÑACARA,-5.1128,-80.17296,AUTOMATICA
472F6540,CHULUCANAS,-5.10844,-80.16954,AUTOMATICA
47E037CA,CORRAL DEL MEDIO,-5.18871,-79.89148,AUTOMATICA
472FB328,CHALACO,-5.03389,-79.83,AUTOMATICA
47E08444,SAN PEDRO,-5.07954,-80.0162,AUTOMATICA
472F7636,MORROPON,-5.19465,-79.97107,AUTOMATICA
47E067B6,SALITRAL,-5.34602,-79.83761,AUTOMATICA
472FA05E,MALACASI,-5.33977,-79.85794,AUTOMATICA
472F95C4,HACIENDA BIGOTE,-5.32089,-79.78569,AUTOMATICA
47E074C0,HACIENDA BARRIOS,-5.2895,-79.69909,AUTOMATICA
105145,SANTO DOMINGO,-5.03827,-79.87049,AUTOMATICA
47E0B1DE,PUENTE SIMON RODRIGUEZ,-4.87999,-81.02038,AUTOMATICA
472FD6CE,LANCONES,-4.6429,-80.54716,AUTOMATICA
47E0D438,ALAMOR,-4.47749,-80.39788,AUTOMATICA
47E09732,LA ARDILLA,-4.49094,-80.38819,AUTOMATICA
105120,CHUSIS,-5.51694,-80.83361,AUTOMATICA
105144,BERNAL,-5.45449,-80.74262,AUTOMATICA
472DD33A,PUNO,-15.82625,-70.01208,AUTOMATICA
47256412,ENAFER,-15.83647,-70.016,AUTOMATICA
472E4156,ILLPA,-15.68726,-70.07988,AUTOMATICA
472CB426,LARAQUERI,-16.13592,-70.04589,AUTOMATICA
270202,PUENTE AZANGARO,-14.92139,-70.18861,AUTOMATICA
4721B992,UPINA,-13.88492,-70.08281,AUTOMATICA
4721AAE4,AYMAÑA,-13.87279,-70.66759,AUTOMATICA
114137,CRUCERO,-14.36416,-70.02583,AUTOMATICA
270001,DESAGUADERO,-16.56364,-69.03667,AUTOMATICA
47251282,PUENTE CARRETERA RAMIS,-15.25544,-69.87381,AUTOMATICA
210003,HUANCASAYA,-15.14308,-69.21467,AUTOMATICA
115157,LAMPA,-15.36296,-70.37343,AUTOMATICA
115156,CABANILLAS,-15.63909,-70.34661,AUTOMATICA
472DE6A0,PAMPAHUTA,-15.48369,-70.67599,AUTOMATICA
47E3903C,CRUCERO ALTO,-15.76448,-70.911,AUTOMATICA
472E37C6,PALCA,-15.2359,-70.59313,AUTOMATICA
114134,ANANSAYA -PUNA,-14.33386,-70.52334,AUTOMATICA
472CF72C,JULIACA,-15.47106,-70.17122,AUTOMATICA
106144,JEPELACIO,-6.11275,-76.90761,AUTOMATICA
107142,BELLAVISTA,-7.05517,-76.55836,AUTOMATICA
210006,SHANAO,-6.41291,-76.60001,AUTOMATICA
106145,TINGO DE PONAZA,-6.93722,-76.25267,AUTOMATICA
4724851A,NARANJILLO,-5.80962,-77.39321,AUTOMATICA
4723013A,EL PORVENIR,-6.58906,-76.31824,AUTOMATICA
47E2E456,TOCACHE,-8.18475,-76.50789,AUTOMATICA
47E13530,CERRO BLANCO,-17.96873,-70.15231,AUTOMATICA
47E1A052,CORUCA,-17.63312,-70.45456,AUTOMATICA
4722F344,LA TRANCA,-17.74313,-70.47178,AUTOMATICA
47E143A0,CAPLINA,-17.6921,-69.92511,AUTOMATICA
47E195C8,CHALLATA,-17.81542,-70.09896,AUTOMATICA
47E113DC,REPRESA PAUCARANI,-17.53436,-69.76499,AUTOMATICA
47E2B42A,BOCATOMA EL AYRO,-17.58019,-69.62673,AUTOMATICA
47E2C2BA,CANDARAVE,-17.268,-70.25409,AUTOMATICA
47E1654C,CORACHAY II,-17.11435,-70.28838,AUTOMATICA
47E12646,LAGUNA ARICOTA,-17.37093,-70.30847,AUTOMATICA
47E186BE,PUENTE VIEJO,-17.61756,-70.76097,AUTOMATICA
214800,TICAPAMPA,-17.47659,-70.54263,AUTOMATICA
47E2D1CC,TARATA,-17.47937,-70.03665,AUTOMATICA
47E292C6,CHUAPALCA,-17.30882,-69.66179,AUTOMATICA
47E150D6,PUENTE TALAPALCA,-17.47487,-70.17265,AUTOMATICA
117059,ANCOAQUE,-17.19972,-69.93917,AUTOMATICA
47E2A75C,VILACOTA,-17.07909,-70.04302,AUTOMATICA
47E1763A,SALIDA TUNEL KOVIRE,-17.23804,-70.00854,AUTOMATICA
47E1B324,REPRESA JARUMAS,-17.3692,-69.94863,AUTOMATICA
103068,PUERTO PIZARRO,-3.50396,-80.39538,AUTOMATICA
47E024BC,PUENTE TUMBES,-3.5709,-80.4609,AUTOMATICA
472EF2D8,CAMPAMENTO SEDE,-3.55115,-80.42962,AUTOMATICA
472F264A,RICA PLAYA,-3.81333,-80.4575,AUTOMATICA
472F43AC,HUASIMO,-3.99815,-80.50392,AUTOMATICA
472F00A6,CABO INGA M,-3.97594,-80.40182,AUTOMATICA
47E01126,CABO INGA H,-3.97873,-80.39938,AUTOMATICA
4724A3F6,EL TIGRE,-3.7687,-80.45689,AUTOMATICA
472F13D0,CAÑAVERAL,-3.93905,-80.65055,AUTOMATICA
472F353C,MATAPALO,-3.68276,-80.19851,AUTOMATICA
47E86310,CALLERIA,-7.89825,-74.49886,AUTOMATICA
47E87066,PUERTO ESPERANZA,-9.77083,-70.70666,AUTOMATICA
213403,LETRAYOC,-13.65773,-75.74496,AUTOMATICA
472DF5D6,HUAYTAPALLANA,-11.92717,-75.06186,AUTOMATICA
4725C4EA,SATIPO,-11.2247,-74.6087,AUTOMATICA
111299,POTSOTENI,-11.41316,-74.14723,AUTOMATICA
47257764,TARMA,-11.3967,-75.6899,AUTOMATICA
111288,CHACAPALPA,-11.7525,-75.74226,AUTOMATICA
472D9030,MARCAPOMACOCHA,-11.40443,-76.32508,AUTOMATICA
211001,SALINAR,-7.66069,-78.96109,AUTOMATICA
472D30C8,CASAGRANDE,-7.75031,-79.18869,AUTOMATICA
472D8346,CALLANCAS,-7.7675,-78.47729,AUTOMATICA
107131,LA FORTUNA,-7.67042,-78.40242,AUTOMATICA
472D60B4,USQUIL,-7.8186,-78.41497,AUTOMATICA
472E74CC,PUENTE COINA,-7.79636,-78.38012,AUTOMATICA
472EB1D2,CAPACHIQUE,-7.85642,-78.31184,AUTOMATICA
107130,TICAPAMPA,-7.91641,-77.90148,AUTOMATICA
4727319A,QUIRUVILCA,-8.00419,-78.3079,AUTOMATICA
472E5220,PUENTE PALMIRA,-7.54919,-78.81051,AUTOMATICA
472EA2A4,CASCAS,-7.47987,-78.82367,AUTOMATICA
472D552E,LUCMA,-7.64333,-78.55135,AUTOMATICA
47E0A2A8,EL TAMBO,-7.57398,-78.70655,AUTOMATICA
472CC2B6,MARMOT,-7.7635,-78.66725,AUTOMATICA
47E2F720,TINAJONES,-6.65489,-79.42792,AUTOMATICA
106140,VISTA FLORIDA,-6.72775,-79.78088,AUTOMATICA
106138,PUCHACA,-6.37353,-79.46673,AUTOMATICA
47201542,TONGORRAPE,-6.06692,-79.68203,AUTOMATICA
472F50DA,EL VIRREY,-5.53579,-79.98416,AUTOMATICA
4726F67E,PASABAR,-5.83714,-79.81911,AUTOMATICA
472A218A,ANTONIO RAYMONDI,-11.77606,-77.15139,AUTOMATICA
112278,CERES,-12.02867,-76.92711,AUTOMATICA
212500,AGUA AZUL BOCATOMA,-11.80778,-76.99766,AUTOMATICA
111286,CARABAYLLO,-11.90219,-77.03364,AUTOMATICA
112181,CAMPO DE MARTE,-12.07056,-77.04314,AUTOMATICA
472AC278,VON HUMBOLDT,-12.08221,-76.93944,AUTOMATICA
111290,ÑAÑA,-11.98744,-76.84194,AUTOMATICA
47278214,CHOSICA,-11.92986,-76.68964,AUTOMATICA
111287,PUENTE PIEDRA,-11.86325,-77.07413,AUTOMATICA
112193,SAN BORJA,-12.10859,-77.00769,AUTOMATICA
112267,SAN JUAN DE LURIGANCHO,-11.98164,-76.99925,AUTOMATICA
